2026-09-21 12:59:49,874 INFO: StarlightTech startup initialized successfully [in C:\sc_ShriyaHariparsad_2026\Ecommerce_Website\website\__init__.py:65]
2026-09-21 13:02:11,697 INFO: StarlightTech startup initialized successfully [in C:\sc_ShriyaHariparsad_2026\Ecommerce_Website\website\__init__.py:65]
2026-09-21 14:05:52,628 INFO: StarlightTech startup initialized successfully [in C:\sc_ShriyaHariparsad_2026\Ecommerce_Website\website\__init__.py:65]
2026-09-21 14:07:17,979 INFO: StarlightTech startup initialized successfully [in C:\sc_ShriyaHariparsad_2026\Ecommerce_Website\website\__init__.py:65]
2026-09-21 14:08:00,488 INFO: StarlightTech startup initialized successfully [in C:\sc_ShriyaHariparsad_2026\Ecommerce_Website\website\__init__.py:65]
2026-09-21 14:12:00,177 INFO: StarlightTech startup initialized successfully [in C:\sc_ShriyaHariparsad_2026\Ecommerce_Website\website\__init__.py:65]
2026-09-21 14:12:48,403 INFO: StarlightTech startup initialized successfully [in C:\sc_ShriyaHariparsad_2026\Ecommerce_Website\website\__init__.py:65]
2026-09-21 14:13:51,945 INFO: StarlightTech startup initialized successfully [in C:\sc_ShriyaHariparsad_2026\Ecommerce_Website\website\__init__.py:65]
2026-09-21 14:14:36,099 INFO: StarlightTech startup initialized successfully [in C:\sc_ShriyaHariparsad_2026\Ecommerce_Website\website\__init__.py:65]
2026-09-21 14:15:31,355 INFO: StarlightTech startup initialized successfully [in C:\sc_ShriyaHariparsad_2026\Ecommerce_Website\website\__init__.py:65]
2026-09-21 14:19:30,863 INFO: StarlightTech startup initialized successfully [in C:\sc_ShriyaHariparsad_2026\Ecommerce_Website\website\__init__.py:65]
2026-09-21 14:19:32,138 INFO: StarlightTech startup initialized successfully [in C:\sc_ShriyaHariparsad_2026\Ecommerce_Website\website\__init__.py:65]
2026-09-21 14:19:39,782 INFO: Session Terminated: User admin@starlight.com logged out [Type: employee] [in C:\sc_ShriyaHariparsad_2026\Ecommerce_Website\website\auth.py:103]
2026-09-21 14:21:31,027 WARNING: Failed Login Attempt: Incorrect password entered for customer account john@gmail.com [in C:\sc_ShriyaHariparsad_2026\Ecommerce_Website\website\auth.py:70]
2026-09-21 14:22:17,347 INFO: Session Authenticated: Customer john@gmail.com logged in [in C:\sc_ShriyaHariparsad_2026\Ecommerce_Website\website\auth.py:66]
2026-09-21 14:23:10,439 INFO: Cart Modification (Asynchronous): User john@gmail.com incremented quantity for cart entry #1 [in C:\sc_ShriyaHariparsad_2026\Ecommerce_Website\website\views.py:189]
2026-09-21 14:23:21,035 INFO: Cart Removal (Asynchronous): User john@gmail.com completely removed item 'Phone ' (Entry #1) from cart [in C:\sc_ShriyaHariparsad_2026\Ecommerce_Website\website\views.py:271]
2026-09-21 14:23:40,841 INFO: Wishlist Removal: Customer john@gmail.com deleted product 'Tab' from wishlist [in C:\sc_ShriyaHariparsad_2026\Ecommerce_Website\website\views.py:486]
2026-09-21 14:23:49,417 INFO: New Cart Insertion: Customer john@gmail.com added product 'Phone ' (ID: 1) to cart [in C:\sc_ShriyaHariparsad_2026\Ecommerce_Website\website\views.py:127]
2026-09-21 14:25:04,708 INFO: Checkout Initialized: Customer john@gmail.com generated PayFast payload for transaction reference '39EFD87C' totaling R650.00 [in C:\sc_ShriyaHariparsad_2026\Ecommerce_Website\website\views.py:344]
2026-09-21 14:25:51,690 INFO: Order Fulfillled: Customer john@gmail.com successfully completed transaction PF-8F1133ED. Products: 'Phone ' (Qty: 1) [in C:\sc_ShriyaHariparsad_2026\Ecommerce_Website\website\views.py:381]
2026-09-21 14:27:35,013 INFO: StarlightTech startup initialized successfully [in C:\sc_ShriyaHariparsad_2026\Ecommerce_Website\website\__init__.py:65]
2026-09-21 14:27:44,270 INFO: New Cart Insertion: Customer john@gmail.com added product 'Phone ' (ID: 1) to cart [in C:\sc_ShriyaHariparsad_2026\Ecommerce_Website\website\views.py:127]
2026-09-21 14:28:05,233 INFO: Checkout Initialized: Customer john@gmail.com generated PayFast payload for transaction reference '55C4AEB7' totaling R650.00 [in C:\sc_ShriyaHariparsad_2026\Ecommerce_Website\website\views.py:344]
2026-09-21 14:30:06,609 INFO: Order Completed: Customer john@gmail.com successfully completed transaction PF-6258E8DD. Products: 'Phone ' (Qty: 1) [in C:\sc_ShriyaHariparsad_2026\Ecommerce_Website\website\views.py:381]
2026-09-21 14:40:06,259 INFO: StarlightTech startup initialized successfully [in C:\sc_ShriyaHariparsad_2026\Ecommerce_Website\website\__init__.py:65]
2026-09-21 14:40:19,779 INFO: Receipt Print Triggered: Customer john@gmail.com opened print template view for Order #11 [in C:\sc_ShriyaHariparsad_2026\Ecommerce_Website\website\views.py:536]
2026-09-21 14:43:11,804 INFO: Security Modification: Customer john@gmail.com updated account password [in C:\sc_ShriyaHariparsad_2026\Ecommerce_Website\website\auth.py:142]
2026-09-21 14:45:05,405 INFO: Security Modification: Customer john@gmail.com updated account password [in C:\sc_ShriyaHariparsad_2026\Ecommerce_Website\website\auth.py:142]
2026-09-21 14:45:21,396 INFO: Session Terminated: User john@gmail.com logged out [Type: customer] [in C:\sc_ShriyaHariparsad_2026\Ecommerce_Website\website\auth.py:103]
2026-09-21 14:46:41,296 INFO: Security Reset: Customer john@gmail.com modified access keys through forgot-password route registry [in C:\sc_ShriyaHariparsad_2026\Ecommerce_Website\website\auth.py:180]
2026-09-21 14:47:34,645 INFO: Session Authenticated: Customer john@gmail.com logged in [in C:\sc_ShriyaHariparsad_2026\Ecommerce_Website\website\auth.py:66]
2026-09-21 14:48:27,155 INFO: Security Modification: Customer john@gmail.com updated account password [in C:\sc_ShriyaHariparsad_2026\Ecommerce_Website\website\auth.py:142]
2026-09-21 14:49:49,026 INFO: Session Terminated: User john@gmail.com logged out [Type: customer] [in C:\sc_ShriyaHariparsad_2026\Ecommerce_Website\website\auth.py:103]
2026-09-21 14:51:52,924 INFO: API Inventory Management: Employee admin@starlight.com successfully added product 'Samsung Galaxy A34 5G' via API endpoint link target [in C:\sc_ShriyaHariparsad_2026\Ecommerce_Website\website\admin.py:309]
2026-09-21 14:53:41,988 INFO: Session Authenticated: Staff member admin@starlight.com logged in [Role: Super Admin] [in C:\sc_ShriyaHariparsad_2026\Ecommerce_Website\website\auth.py:80]
2026-09-21 14:54:15,781 INFO: Inventory Modification: Employee admin@starlight.com updated product ID #3. Changes: Stock Level from 20 to 10 [in C:\sc_ShriyaHariparsad_2026\Ecommerce_Website\website\admin.py:140]
2026-09-21 14:55:07,089 INFO: Inventory Management: Employee admin@starlight.com successfully added a new product: 'Samsung Galaxy Z Flip' [in C:\sc_ShriyaHariparsad_2026\Ecommerce_Website\website\admin.py:51]
2026-09-21 14:57:27,505 INFO: Inventory Management: Employee admin@starlight.com successfully added a new product: 'Nintendo Switch 2' [in C:\sc_ShriyaHariparsad_2026\Ecommerce_Website\website\admin.py:51]
2026-09-21 15:02:24,319 INFO: Session Terminated: User admin@starlight.com logged out [Type: employee] [in C:\sc_ShriyaHariparsad_2026\Ecommerce_Website\website\auth.py:103]
2026-09-21 15:02:56,238 INFO: Session Authenticated: Customer john@gmail.com logged in [in C:\sc_ShriyaHariparsad_2026\Ecommerce_Website\website\auth.py:66]
2026-09-21 15:02:58,913 INFO: New Cart Insertion: Customer john@gmail.com added product 'Phone ' (ID: 1) to cart [in C:\sc_ShriyaHariparsad_2026\Ecommerce_Website\website\views.py:127]
2026-09-21 15:03:01,187 INFO: New Wishlist Insertion: Customer john@gmail.com saved product 'Samsung Galaxy A34 5G' to wishlist [in C:\sc_ShriyaHariparsad_2026\Ecommerce_Website\website\views.py:466]
2026-09-21 15:04:54,573 INFO: New Cart Insertion: Customer john@gmail.com added product 'Tab' (ID: 2) to cart [in C:\sc_ShriyaHariparsad_2026\Ecommerce_Website\website\views.py:127]
2026-09-21 15:05:02,316 INFO: Cart Removal (Asynchronous): User john@gmail.com completely removed item 'Tab' (Entry #2) from cart [in C:\sc_ShriyaHariparsad_2026\Ecommerce_Website\website\views.py:271]
2026-09-21 15:05:09,398 INFO: New Cart Insertion: Customer john@gmail.com added product 'Tab' (ID: 2) to cart [in C:\sc_ShriyaHariparsad_2026\Ecommerce_Website\website\views.py:127]
2026-09-21 15:05:10,978 INFO: New Cart Insertion: Customer john@gmail.com added product 'Samsung Galaxy A34 5G' (ID: 3) to cart [in C:\sc_ShriyaHariparsad_2026\Ecommerce_Website\website\views.py:127]
2026-09-21 15:05:15,414 INFO: Cart Removal (Asynchronous): User john@gmail.com completely removed item 'Samsung Galaxy A34 5G' (Entry #3) from cart [in C:\sc_ShriyaHariparsad_2026\Ecommerce_Website\website\views.py:271]
2026-09-21 15:09:46,252 INFO: Cart Modification: Customer john@gmail.com increased quantity for product 'Phone ' (ID: 1) [in C:\sc_ShriyaHariparsad_2026\Ecommerce_Website\website\views.py:104]
2026-09-21 15:09:49,425 INFO: New Cart Insertion: Customer john@gmail.com added product 'Nintendo Switch 2' (ID: 5) to cart [in C:\sc_ShriyaHariparsad_2026\Ecommerce_Website\website\views.py:127]
2026-09-21 15:09:54,865 INFO: Cart Modification (Asynchronous): User john@gmail.com decremented quantity for cart entry #1 [in C:\sc_ShriyaHariparsad_2026\Ecommerce_Website\website\views.py:233]
2026-09-21 15:10:06,444 INFO: Cart Modification (Asynchronous): User john@gmail.com incremented quantity for cart entry #3 [in C:\sc_ShriyaHariparsad_2026\Ecommerce_Website\website\views.py:189]
2026-09-21 15:10:13,312 INFO: Cart Removal (Asynchronous): User john@gmail.com completely removed item 'Nintendo Switch 2' (Entry #3) from cart [in C:\sc_ShriyaHariparsad_2026\Ecommerce_Website\website\views.py:271]
2026-09-21 15:12:10,027 INFO: New Cart Insertion: Customer john@gmail.com added product 'Samsung Galaxy A34 5G' (ID: 3) to cart [in C:\sc_ShriyaHariparsad_2026\Ecommerce_Website\website\views.py:127]
2026-09-21 15:12:11,721 INFO: New Cart Insertion: Customer john@gmail.com added product 'Nintendo Switch 2' (ID: 5) to cart [in C:\sc_ShriyaHariparsad_2026\Ecommerce_Website\website\views.py:127]
2026-09-21 15:12:14,728 INFO: Cart Removal (Asynchronous): User john@gmail.com completely removed item 'Phone ' (Entry #1) from cart [in C:\sc_ShriyaHariparsad_2026\Ecommerce_Website\website\views.py:271]
2026-09-21 15:14:18,721 INFO: StarlightTech startup initialized successfully [in C:\sc_ShriyaHariparsad_2026\Ecommerce_Website\website\__init__.py:65]
2026-09-21 15:14:22,010 INFO: Cart Removal (Asynchronous): User john@gmail.com completely removed item 'Tab' (Entry #2) from cart [in C:\sc_ShriyaHariparsad_2026\Ecommerce_Website\website\views.py:271]
2026-09-21 15:14:22,661 INFO: Cart Removal (Asynchronous): User john@gmail.com completely removed item 'Samsung Galaxy A34 5G' (Entry #3) from cart [in C:\sc_ShriyaHariparsad_2026\Ecommerce_Website\website\views.py:271]
2026-09-21 15:14:23,700 INFO: Cart Removal (Asynchronous): User john@gmail.com completely removed item 'Nintendo Switch 2' (Entry #4) from cart [in C:\sc_ShriyaHariparsad_2026\Ecommerce_Website\website\views.py:271]
2026-09-21 15:14:31,812 INFO: New Cart Insertion: Customer john@gmail.com added product 'Samsung Galaxy A34 5G' (ID: 3) to cart [in C:\sc_ShriyaHariparsad_2026\Ecommerce_Website\website\views.py:127]
2026-09-21 15:14:33,788 INFO: New Cart Insertion: Customer john@gmail.com added product 'Nintendo Switch 2' (ID: 5) to cart [in C:\sc_ShriyaHariparsad_2026\Ecommerce_Website\website\views.py:127]
2026-09-21 15:14:35,526 INFO: New Cart Insertion: Customer john@gmail.com added product 'Phone ' (ID: 1) to cart [in C:\sc_ShriyaHariparsad_2026\Ecommerce_Website\website\views.py:127]
2026-09-21 15:14:42,715 INFO: Cart Removal (Asynchronous): User john@gmail.com completely removed item 'Samsung Galaxy A34 5G' (Entry #1) from cart [in C:\sc_ShriyaHariparsad_2026\Ecommerce_Website\website\views.py:271]
2026-09-21 15:16:15,840 INFO: Cart Modification (Asynchronous): User john@gmail.com incremented quantity for cart entry #2 [in C:\sc_ShriyaHariparsad_2026\Ecommerce_Website\website\views.py:189]
2026-09-21 15:16:18,129 INFO: Cart Modification (Asynchronous): User john@gmail.com decremented quantity for cart entry #2 [in C:\sc_ShriyaHariparsad_2026\Ecommerce_Website\website\views.py:233]
2026-09-21 15:16:52,887 INFO: Cart Removal (Asynchronous): User john@gmail.com completely removed item 'Nintendo Switch 2' (Entry #2) from cart [in C:\sc_ShriyaHariparsad_2026\Ecommerce_Website\website\views.py:271]
2026-09-21 15:16:53,679 INFO: Cart Removal (Asynchronous): User john@gmail.com completely removed item 'Phone ' (Entry #3) from cart [in C:\sc_ShriyaHariparsad_2026\Ecommerce_Website\website\views.py:271]
2026-09-21 15:17:37,264 INFO: StarlightTech startup initialized successfully [in C:\sc_ShriyaHariparsad_2026\Ecommerce_Website\website\__init__.py:65]
2026-09-21 15:17:49,855 INFO: Session Terminated: User john@gmail.com logged out [Type: customer] [in C:\sc_ShriyaHariparsad_2026\Ecommerce_Website\website\auth.py:103]
2026-09-21 15:27:21,314 INFO: Session Authenticated: Customer john@gmail.com logged in [in C:\sc_ShriyaHariparsad_2026\Ecommerce_Website\website\auth.py:66]
2026-09-21 16:05:03,219 INFO: New Cart Insertion: Customer john@gmail.com added product 'Phone ' (ID: 1) to cart [in C:\sc_ShriyaHariparsad_2026\Ecommerce_Website\website\views.py:127]
2026-09-21 16:05:05,398 INFO: New Wishlist Insertion: Customer john@gmail.com saved product 'Samsung Galaxy A34 5G' to wishlist [in C:\sc_ShriyaHariparsad_2026\Ecommerce_Website\website\views.py:469]
2026-09-21 16:05:10,349 INFO: Cart Modification (Asynchronous): User john@gmail.com incremented quantity for cart entry #1 [in C:\sc_ShriyaHariparsad_2026\Ecommerce_Website\website\views.py:189]
2026-09-21 16:05:11,760 INFO: Cart Modification (Asynchronous): User john@gmail.com decremented quantity for cart entry #1 [in C:\sc_ShriyaHariparsad_2026\Ecommerce_Website\website\views.py:233]
2026-09-21 16:05:12,482 INFO: Cart Removal (Asynchronous): User john@gmail.com completely removed item 'Phone ' (Entry #1) from cart [in C:\sc_ShriyaHariparsad_2026\Ecommerce_Website\website\views.py:271]
2026-09-21 16:05:17,957 INFO: New Cart Insertion: Customer john@gmail.com added product 'Samsung Galaxy A34 5G' (ID: 3) to cart [in C:\sc_ShriyaHariparsad_2026\Ecommerce_Website\website\views.py:127]
2026-09-21 16:06:03,609 INFO: Checkout Initialized: Customer john@gmail.com generated PayFast payload for transaction reference 'FD72D905' totaling R7150.00 [in C:\sc_ShriyaHariparsad_2026\Ecommerce_Website\website\views.py:347]
2026-09-21 16:07:08,722 INFO: Order Completed: Customer john@gmail.com successfully completed transaction PF-19B0C520. Products: 'Samsung Galaxy A34 5G' (Qty: 1) [in C:\sc_ShriyaHariparsad_2026\Ecommerce_Website\website\views.py:384]
2026-09-21 16:47:21,835 INFO: Session Terminated: User john@gmail.com logged out [Type: customer] [in C:\sc_ShriyaHariparsad_2026\Ecommerce_Website\website\auth.py:103]
2026-09-22 06:42:15,894 INFO: StarlightTech startup initialized successfully [in C:\sc_ShriyaHariparsad_2026\Ecommerce_Website\website\__init__.py:65]
2026-09-22 06:42:17,453 INFO: StarlightTech startup initialized successfully [in C:\sc_ShriyaHariparsad_2026\Ecommerce_Website\website\__init__.py:65]
2026-09-22 06:55:55,067 INFO: Session Authenticated: Staff member admin@starlight.com logged in [Role: Super Admin] [in C:\sc_ShriyaHariparsad_2026\Ecommerce_Website\website\auth.py:80]
2026-09-22 06:56:04,188 INFO: Session Terminated: User admin@starlight.com logged out [Type: employee] [in C:\sc_ShriyaHariparsad_2026\Ecommerce_Website\website\auth.py:103]
2026-09-22 06:56:38,165 INFO: Session Authenticated: Customer john@gmail.com logged in [in C:\sc_ShriyaHariparsad_2026\Ecommerce_Website\website\auth.py:66]
2026-09-22 07:04:40,133 INFO: Session Terminated: User john@gmail.com logged out [Type: customer] [in C:\sc_ShriyaHariparsad_2026\Ecommerce_Website\website\auth.py:103]
2026-09-22 07:07:11,294 INFO: Session Authenticated: Staff member admin@starlight.com logged in [Role: Super Admin] [in C:\sc_ShriyaHariparsad_2026\Ecommerce_Website\website\auth.py:80]
2026-09-22 07:07:15,522 INFO: Session Terminated: User admin@starlight.com logged out [Type: employee] [in C:\sc_ShriyaHariparsad_2026\Ecommerce_Website\website\auth.py:103]
2026-09-22 07:07:55,102 INFO: Session Authenticated: Customer john@gmail.com logged in [in C:\sc_ShriyaHariparsad_2026\Ecommerce_Website\website\auth.py:66]
2026-09-22 07:09:17,849 INFO: Session Terminated: User john@gmail.com logged out [Type: customer] [in C:\sc_ShriyaHariparsad_2026\Ecommerce_Website\website\auth.py:103]
2026-09-22 07:10:51,655 INFO: Session Authenticated: Customer john@gmail.com logged in [in C:\sc_ShriyaHariparsad_2026\Ecommerce_Website\website\auth.py:66]
2026-09-22 07:11:46,381 INFO: New Cart Insertion: Customer john@gmail.com added product 'Samsung Galaxy A34 5G' (ID: 3) to cart [in C:\sc_ShriyaHariparsad_2026\Ecommerce_Website\website\views.py:127]
2026-09-22 07:19:10,409 INFO: StarlightTech startup initialized successfully [in C:\sc_ShriyaHariparsad_2026\Ecommerce_Website\website\__init__.py:65]
2026-09-22 07:21:32,989 INFO: StarlightTech startup initialized successfully [in C:\sc_ShriyaHariparsad_2026\Ecommerce_Website\website\__init__.py:65]
2026-09-22 07:23:08,575 INFO: StarlightTech startup initialized successfully [in C:\sc_ShriyaHariparsad_2026\Ecommerce_Website\website\__init__.py:65]
2026-09-22 07:26:11,156 INFO: StarlightTech startup initialized successfully [in C:\sc_ShriyaHariparsad_2026\Ecommerce_Website\website\__init__.py:65]
2026-09-22 07:26:12,779 INFO: StarlightTech startup initialized successfully [in C:\sc_ShriyaHariparsad_2026\Ecommerce_Website\website\__init__.py:65]
2026-09-22 07:28:43,170 INFO: StarlightTech startup initialized successfully [in C:\sc_ShriyaHariparsad_2026\Ecommerce_Website\website\__init__.py:65]
2026-09-22 07:34:32,055 INFO: StarlightTech startup initialized successfully [in C:\sc_ShriyaHariparsad_2026\Ecommerce_Website\website\__init__.py:65]
2026-09-22 07:34:33,665 INFO: StarlightTech startup initialized successfully [in C:\sc_ShriyaHariparsad_2026\Ecommerce_Website\website\__init__.py:65]
2026-09-22 07:46:47,464 INFO: Cart Modification (Asynchronous): User john@gmail.com incremented quantity for cart entry #1 [in C:\sc_ShriyaHariparsad_2026\Ecommerce_Website\website\views.py:189]
2026-09-22 07:46:48,463 INFO: Cart Modification (Asynchronous): User john@gmail.com decremented quantity for cart entry #1 [in C:\sc_ShriyaHariparsad_2026\Ecommerce_Website\website\views.py:233]
2026-09-22 07:46:49,331 INFO: Cart Removal (Asynchronous): User john@gmail.com completely removed item 'Samsung Galaxy A34 5G' (Entry #1) from cart [in C:\sc_ShriyaHariparsad_2026\Ecommerce_Website\website\views.py:271]
2026-09-22 07:46:53,813 INFO: New Cart Insertion: Customer john@gmail.com added product 'Phone ' (ID: 1) to cart [in C:\sc_ShriyaHariparsad_2026\Ecommerce_Website\website\views.py:127]
2026-09-22 07:46:58,366 INFO: Checkout Initialized: Customer john@gmail.com generated PayFast payload for transaction reference '96C408D4' totaling R650.00 [in C:\sc_ShriyaHariparsad_2026\Ecommerce_Website\website\views.py:347]
2026-09-22 07:47:08,514 INFO: Checkout Initialized: Customer john@gmail.com generated PayFast payload for transaction reference '3E9DE59F' totaling R650.00 [in C:\sc_ShriyaHariparsad_2026\Ecommerce_Website\website\views.py:347]
2026-09-22 07:48:07,454 INFO: Order Completed: Customer john@gmail.com successfully completed transaction PF-87FF39C8. Products: 'Phone ' (Qty: 1) [in C:\sc_ShriyaHariparsad_2026\Ecommerce_Website\website\views.py:384]
2026-09-22 08:03:00,805 INFO: StarlightTech startup initialized successfully [in C:\sc_ShriyaHariparsad_2026\Ecommerce_Website\website\__init__.py:65]
2026-09-22 08:04:33,427 INFO: Session Terminated: User john@gmail.com logged out [Type: customer] [in C:\sc_ShriyaHariparsad_2026\Ecommerce_Website\website\auth.py:103]
2026-09-22 08:12:48,655 INFO: Session Authenticated: Staff member admin@starlight.com logged in [Role: Super Admin] [in C:\sc_ShriyaHariparsad_2026\Ecommerce_Website\website\auth.py:80]
2026-09-22 08:13:09,690 INFO: Inventory Modification: Employee admin@starlight.com updated product ID #1. Changes: Name from 'Phone ' to 'Phones' [in C:\sc_ShriyaHariparsad_2026\Ecommerce_Website\website\admin.py:140]
2026-09-22 08:14:16,682 INFO: Inventory Management: Employee admin@starlight.com successfully added a new product: 'Test' [in C:\sc_ShriyaHariparsad_2026\Ecommerce_Website\website\admin.py:51]
2026-09-22 08:17:53,505 INFO: Inventory Purge: Employee admin@starlight.com completely deleted product mapping reference ID #6 ('Test') [in C:\sc_ShriyaHariparsad_2026\Ecommerce_Website\website\admin.py:196]
2026-09-22 08:24:54,371 INFO: API Fulfillment Transition: Employee admin@starlight.com updated Order #13 status from 'Pending Delivery' to 'Cancelled' via API endpoint [in C:\sc_ShriyaHariparsad_2026\Ecommerce_Website\website\admin.py:447]
2026-09-22 08:25:02,613 INFO: Session Terminated: User admin@starlight.com logged out [Type: employee] [in C:\sc_ShriyaHariparsad_2026\Ecommerce_Website\website\auth.py:103]
2026-09-22 08:25:34,451 INFO: Session Authenticated: Customer john@gmail.com logged in [in C:\sc_ShriyaHariparsad_2026\Ecommerce_Website\website\auth.py:66]
2026-09-22 08:29:43,181 INFO: New Return Ticket: Customer john@gmail.com submitted return request for Order #9. Reason: 'Item is not what i expected' [in C:\sc_ShriyaHariparsad_2026\Ecommerce_Website\website\views.py:519]
2026-09-22 08:29:46,851 INFO: Session Terminated: User john@gmail.com logged out [Type: customer] [in C:\sc_ShriyaHariparsad_2026\Ecommerce_Website\website\auth.py:103]
2026-09-22 08:30:24,607 INFO: Session Authenticated: Staff member admin@starlight.com logged in [Role: Super Admin] [in C:\sc_ShriyaHariparsad_2026\Ecommerce_Website\website\auth.py:80]
2026-09-22 08:30:35,273 INFO: Return Management: Employee admin@starlight.com marked Return Ticket #5 (Order #9) as 'Refund Processed' [in C:\sc_ShriyaHariparsad_2026\Ecommerce_Website\website\admin.py:255]
2026-09-22 08:36:38,712 INFO: StarlightTech startup initialized successfully [in C:\sc_ShriyaHariparsad_2026\Ecommerce_Website\website\__init__.py:65]
2026-09-22 08:42:35,179 INFO: StarlightTech startup initialized successfully [in C:\sc_ShriyaHariparsad_2026\Ecommerce_Website\website\__init__.py:65]
2026-09-22 08:48:19,769 INFO: StarlightTech startup initialized successfully [in C:\sc_ShriyaHariparsad_2026\Ecommerce_Website\website\__init__.py:65]
2026-09-22 08:52:54,419 INFO: StarlightTech startup initialized successfully [in C:\sc_ShriyaHariparsad_2026\Ecommerce_Website\website\__init__.py:65]
2026-09-22 08:53:20,200 INFO: StarlightTech startup initialized successfully [in C:\sc_ShriyaHariparsad_2026\Ecommerce_Website\website\__init__.py:65]
2026-09-22 09:08:20,219 INFO: StarlightTech startup initialized successfully [in C:\sc_ShriyaHariparsad_2026\Ecommerce_Website\website\__init__.py:65]
2026-09-22 09:12:42,768 INFO: StarlightTech startup initialized successfully [in C:\sc_ShriyaHariparsad_2026\Ecommerce_Website\website\__init__.py:65]
2026-09-22 09:12:44,115 INFO: StarlightTech startup initialized successfully [in C:\sc_ShriyaHariparsad_2026\Ecommerce_Website\website\__init__.py:65]
2026-09-22 09:20:59,970 INFO: StarlightTech startup initialized successfully [in C:\sc_ShriyaHariparsad_2026\Ecommerce_Website\website\__init__.py:65]
2026-09-22 09:23:52,282 INFO: Inventory Management: Employee admin@starlight.com successfully added a new product: 'test' [in C:\sc_ShriyaHariparsad_2026\Ecommerce_Website\website\admin.py:52]
2026-09-22 09:24:45,817 INFO: Inventory Management: Employee admin@starlight.com successfully added a new product: 'test2' [in C:\sc_ShriyaHariparsad_2026\Ecommerce_Website\website\admin.py:52]
2026-09-22 09:25:11,098 INFO: Inventory Management: Employee admin@starlight.com successfully added a new product: 'test3' [in C:\sc_ShriyaHariparsad_2026\Ecommerce_Website\website\admin.py:52]
2026-09-22 09:25:55,535 INFO: Inventory Management: Employee admin@starlight.com successfully added a new product: 'test4' [in C:\sc_ShriyaHariparsad_2026\Ecommerce_Website\website\admin.py:52]
2026-09-22 09:26:55,671 INFO: Inventory Management: Employee admin@starlight.com successfully added a new product: 'tets5' [in C:\sc_ShriyaHariparsad_2026\Ecommerce_Website\website\admin.py:52]
2026-09-22 09:28:15,456 INFO: Inventory Management: Employee admin@starlight.com successfully added a new product: 'testfinal' [in C:\sc_ShriyaHariparsad_2026\Ecommerce_Website\website\admin.py:52]
2026-09-22 09:31:58,220 INFO: Inventory Purge: Employee admin@starlight.com completely deleted product mapping reference ID #11 ('testfinal') [in C:\sc_ShriyaHariparsad_2026\Ecommerce_Website\website\admin.py:230]
2026-09-22 09:32:00,874 INFO: Inventory Purge: Employee admin@starlight.com completely deleted product mapping reference ID #10 ('tets5') [in C:\sc_ShriyaHariparsad_2026\Ecommerce_Website\website\admin.py:230]
2026-09-22 09:32:02,885 INFO: Inventory Purge: Employee admin@starlight.com completely deleted product mapping reference ID #9 ('test4') [in C:\sc_ShriyaHariparsad_2026\Ecommerce_Website\website\admin.py:230]
2026-09-22 09:32:05,223 INFO: Inventory Purge: Employee admin@starlight.com completely deleted product mapping reference ID #8 ('test3') [in C:\sc_ShriyaHariparsad_2026\Ecommerce_Website\website\admin.py:230]
2026-09-22 09:32:07,731 INFO: Inventory Purge: Employee admin@starlight.com completely deleted product mapping reference ID #7 ('test2') [in C:\sc_ShriyaHariparsad_2026\Ecommerce_Website\website\admin.py:230]
2026-09-22 09:32:11,191 INFO: Inventory Purge: Employee admin@starlight.com completely deleted product mapping reference ID #6 ('test') [in C:\sc_ShriyaHariparsad_2026\Ecommerce_Website\website\admin.py:230]
2026-09-22 09:35:59,895 INFO: StarlightTech startup initialized successfully [in C:\sc_ShriyaHariparsad_2026\Ecommerce_Website\website\__init__.py:65]
2026-09-22 09:36:23,650 INFO: StarlightTech startup initialized successfully [in C:\sc_ShriyaHariparsad_2026\Ecommerce_Website\website\__init__.py:65]
2026-09-22 09:37:45,925 INFO: API Fulfillment Transition: Employee admin@starlight.com updated Order #5 status from 'Out for Delivery' to 'Delivered' via API endpoint [in C:\sc_ShriyaHariparsad_2026\Ecommerce_Website\website\admin.py:517]
2026-09-22 09:37:48,070 INFO: Session Terminated: User admin@starlight.com logged out [Type: employee] [in C:\sc_ShriyaHariparsad_2026\Ecommerce_Website\website\auth.py:103]
2026-09-22 09:38:35,022 INFO: Session Authenticated: Customer john@gmail.com logged in [in C:\sc_ShriyaHariparsad_2026\Ecommerce_Website\website\auth.py:66]
2026-09-22 09:38:54,448 INFO: New Return Ticket: Customer john@gmail.com submitted return request for Order #5. Reason: 'Phone screen is cracked' [in C:\sc_ShriyaHariparsad_2026\Ecommerce_Website\website\views.py:519]
2026-09-22 09:39:13,800 INFO: Session Terminated: User john@gmail.com logged out [Type: customer] [in C:\sc_ShriyaHariparsad_2026\Ecommerce_Website\website\auth.py:103]
2026-09-22 09:39:46,462 INFO: Session Authenticated: Staff member admin@starlight.com logged in [Role: Super Admin] [in C:\sc_ShriyaHariparsad_2026\Ecommerce_Website\website\auth.py:80]
2026-09-22 09:40:05,614 INFO: Return Management: Employee admin@starlight.com marked Return Ticket #6 (Order #5) as 'Refund Processed' [in C:\sc_ShriyaHariparsad_2026\Ecommerce_Website\website\admin.py:325]
2026-09-22 09:41:33,024 INFO: StarlightTech startup initialized successfully [in C:\sc_ShriyaHariparsad_2026\Ecommerce_Website\website\__init__.py:65]
2026-09-22 09:41:47,681 INFO: StarlightTech startup initialized successfully [in C:\sc_ShriyaHariparsad_2026\Ecommerce_Website\website\__init__.py:65]
2026-09-22 09:42:37,545 INFO: Inventory Management: Employee admin@starlight.com successfully added a new product: 'test' [in C:\sc_ShriyaHariparsad_2026\Ecommerce_Website\website\admin.py:52]
2026-09-22 09:43:37,819 INFO: StarlightTech startup initialized successfully [in C:\sc_ShriyaHariparsad_2026\Ecommerce_Website\website\__init__.py:65]
2026-09-22 09:55:10,495 INFO: Inventory Management: Employee admin@starlight.com successfully added a new product: 'Iphone 18 pro max' [in C:\sc_ShriyaHariparsad_2026\Ecommerce_Website\website\admin.py:52]
2026-09-22 09:58:46,091 INFO: StarlightTech startup initialized successfully [in C:\sc_ShriyaHariparsad_2026\Ecommerce_Website\website\__init__.py:65]
2026-09-22 09:59:47,464 INFO: Session Terminated: User admin@starlight.com logged out [Type: employee] [in C:\sc_ShriyaHariparsad_2026\Ecommerce_Website\website\auth.py:103]
2026-09-22 10:19:41,622 INFO: Session Authenticated: Customer john@gmail.com logged in [in C:\sc_ShriyaHariparsad_2026\Ecommerce_Website\website\auth.py:66]
2026-09-22 10:21:46,640 INFO: StarlightTech startup initialized successfully [in C:\sc_ShriyaHariparsad_2026\Ecommerce_Website\website\__init__.py:65]
2026-09-22 10:29:18,457 INFO: New Cart Insertion: Customer john@gmail.com added product 'Phones' (ID: 1) to cart [in C:\sc_ShriyaHariparsad_2026\Ecommerce_Website\website\views.py:138]
2026-09-22 10:29:29,994 INFO: Checkout Initialized: Customer john@gmail.com generated PayFast payload for transaction reference '2CD99051' totaling R650.00 [in C:\sc_ShriyaHariparsad_2026\Ecommerce_Website\website\views.py:358]
2026-09-22 10:30:33,871 INFO: Order Completed: Customer john@gmail.com successfully completed transaction PF-19D8297E. Products: 'Phones' (Qty: 1) [in C:\sc_ShriyaHariparsad_2026\Ecommerce_Website\website\views.py:395]
2026-09-22 10:31:08,912 INFO: Receipt Print Triggered: Customer john@gmail.com opened print template view for Order #14 [in C:\sc_ShriyaHariparsad_2026\Ecommerce_Website\website\views.py:558]
2026-09-22 10:32:47,531 INFO: Session Terminated: User john@gmail.com logged out [Type: customer] [in C:\sc_ShriyaHariparsad_2026\Ecommerce_Website\website\auth.py:103]
2026-09-22 10:34:32,788 INFO: Session Authenticated: Staff member admin@starlight.com logged in [Role: Super Admin] [in C:\sc_ShriyaHariparsad_2026\Ecommerce_Website\website\auth.py:80]
2026-09-22 10:51:08,772 INFO: API Fulfillment Transition: Employee admin@starlight.com updated Order #14 status from 'Pending Delivery' to 'Out for Delivery' via API endpoint [in C:\sc_ShriyaHariparsad_2026\Ecommerce_Website\website\admin.py:517]
2026-09-22 10:51:12,417 INFO: API Fulfillment Transition: Employee admin@starlight.com updated Order #14 status from 'Out for Delivery' to 'Pending Delivery' via API endpoint [in C:\sc_ShriyaHariparsad_2026\Ecommerce_Website\website\admin.py:517]
2026-09-22 11:40:59,082 INFO: Inventory Modification: Employee admin@starlight.com updated product ID #1. Changes: Name from 'Phones' to 'Phone' [in C:\sc_ShriyaHariparsad_2026\Ecommerce_Website\website\admin.py:174]
2026-09-22 11:45:44,193 INFO: Inventory Modification: Employee admin@starlight.com updated product ID #6. Changes: Name from 'test' to 'test2', Stock Level from 2 to 3 [in C:\sc_ShriyaHariparsad_2026\Ecommerce_Website\website\admin.py:174]
2026-09-22 11:46:27,485 INFO: Inventory Purge: Employee admin@starlight.com completely deleted product mapping reference ID #6 ('test2') [in C:\sc_ShriyaHariparsad_2026\Ecommerce_Website\website\admin.py:230]
2026-09-22 11:48:58,587 INFO: StarlightTech startup initialized successfully [in C:\sc_ShriyaHariparsad_2026\Ecommerce_Website\website\__init__.py:65]
2026-09-22 11:51:27,099 INFO: StarlightTech startup initialized successfully [in C:\sc_ShriyaHariparsad_2026\Ecommerce_Website\website\__init__.py:65]
2026-09-22 11:52:33,266 INFO: StarlightTech startup initialized successfully [in C:\sc_ShriyaHariparsad_2026\Ecommerce_Website\website\__init__.py:65]
2026-09-22 11:52:37,996 INFO: StarlightTech startup initialized successfully [in C:\sc_ShriyaHariparsad_2026\Ecommerce_Website\website\__init__.py:65]
2026-09-22 11:53:22,676 INFO: StarlightTech startup initialized successfully [in C:\sc_ShriyaHariparsad_2026\Ecommerce_Website\website\__init__.py:65]
2026-09-22 11:54:51,368 INFO: StarlightTech startup initialized successfully [in C:\sc_ShriyaHariparsad_2026\Ecommerce_Website\website\__init__.py:65]
2026-09-22 11:55:21,558 INFO: Inventory Management: Employee admin@starlight.com successfully added a new product: 'test' [in C:\sc_ShriyaHariparsad_2026\Ecommerce_Website\website\admin.py:52]
2026-09-22 11:55:57,546 INFO: StarlightTech startup initialized successfully [in C:\sc_ShriyaHariparsad_2026\Ecommerce_Website\website\__init__.py:65]
2026-09-22 11:56:13,916 INFO: Inventory Purge: Employee admin@starlight.com completely deleted product mapping reference ID #8 ('test') [in C:\sc_ShriyaHariparsad_2026\Ecommerce_Website\website\admin.py:230]
2026-09-22 11:56:37,423 INFO: Inventory Management: Employee admin@starlight.com successfully added a new product: 'Test' [in C:\sc_ShriyaHariparsad_2026\Ecommerce_Website\website\admin.py:52]
2026-09-22 11:59:03,081 INFO: API Fulfillment Transition: Employee admin@starlight.com updated Order #6 status from 'Pending Delivery' to 'Delivered' via API endpoint [in C:\sc_ShriyaHariparsad_2026\Ecommerce_Website\website\admin.py:517]
2026-09-22 11:59:04,788 INFO: API Fulfillment Transition: Employee admin@starlight.com updated Order #7 status from 'Pending Delivery' to 'Delivered' via API endpoint [in C:\sc_ShriyaHariparsad_2026\Ecommerce_Website\website\admin.py:517]
2026-09-22 12:11:37,934 INFO: StarlightTech startup initialized successfully [in C:\sc_ShriyaHariparsad_2026\Ecommerce_Website\website\__init__.py:65]
2026-09-22 12:11:39,862 INFO: StarlightTech startup initialized successfully [in C:\sc_ShriyaHariparsad_2026\Ecommerce_Website\website\__init__.py:65]
2026-09-22 12:35:36,161 INFO: StarlightTech startup initialized successfully [in C:\sc_ShriyaHariparsad_2026\Ecommerce_Website\website\__init__.py:65]
2026-09-22 12:35:38,017 INFO: StarlightTech startup initialized successfully [in C:\sc_ShriyaHariparsad_2026\Ecommerce_Website\website\__init__.py:65]
2026-09-22 12:35:47,543 INFO: Session Terminated: User admin@starlight.com logged out [Type: employee] [in C:\sc_ShriyaHariparsad_2026\Ecommerce_Website\website\auth.py:103]
2026-09-22 12:57:45,043 INFO: Session Authenticated: Customer john@gmail.com logged in [in C:\sc_ShriyaHariparsad_2026\Ecommerce_Website\website\auth.py:66]
2026-09-22 12:58:31,473 INFO: New Cart Insertion: Customer john@gmail.com added product 'Samsung Galaxy Z Flip' (ID: 4) to cart [in C:\sc_ShriyaHariparsad_2026\Ecommerce_Website\website\views.py:138]
2026-09-22 12:58:33,653 INFO: New Wishlist Insertion: Customer john@gmail.com saved product 'Samsung Galaxy A34 5G' to wishlist [in C:\sc_ShriyaHariparsad_2026\Ecommerce_Website\website\views.py:488]
2026-09-22 12:58:37,996 INFO: New Wishlist Insertion: Customer john@gmail.com saved product 'Nintendo Switch 2' to wishlist [in C:\sc_ShriyaHariparsad_2026\Ecommerce_Website\website\views.py:488]
2026-09-22 12:58:47,756 INFO: Wishlist Removal: Customer john@gmail.com deleted product 'Nintendo Switch 2' from wishlist [in C:\sc_ShriyaHariparsad_2026\Ecommerce_Website\website\views.py:508]
2026-09-22 12:58:49,868 INFO: New Cart Insertion: Customer john@gmail.com added product 'Samsung Galaxy A34 5G' (ID: 3) to cart [in C:\sc_ShriyaHariparsad_2026\Ecommerce_Website\website\views.py:138]
2026-09-22 12:58:58,930 INFO: Cart Removal (Asynchronous): User john@gmail.com completely removed item 'Samsung Galaxy Z Flip' (Entry #1) from cart [in C:\sc_ShriyaHariparsad_2026\Ecommerce_Website\website\views.py:282]
2026-09-22 12:58:59,820 INFO: Cart Removal (Asynchronous): User john@gmail.com completely removed item 'Samsung Galaxy A34 5G' (Entry #2) from cart [in C:\sc_ShriyaHariparsad_2026\Ecommerce_Website\website\views.py:282]
2026-09-22 12:59:06,796 INFO: New Cart Insertion: Customer john@gmail.com added product 'Nintendo Switch 2' (ID: 5) to cart [in C:\sc_ShriyaHariparsad_2026\Ecommerce_Website\website\views.py:138]
2026-09-22 12:59:17,563 INFO: Checkout Initialized: Customer john@gmail.com generated PayFast payload for transaction reference '06D69F31' totaling R11650.00 [in C:\sc_ShriyaHariparsad_2026\Ecommerce_Website\website\views.py:358]
2026-09-22 13:00:10,715 INFO: Checkout Initialized: Customer john@gmail.com generated PayFast payload for transaction reference 'F8D8912F' totaling R11650.00 [in C:\sc_ShriyaHariparsad_2026\Ecommerce_Website\website\views.py:358]
2026-09-22 13:01:21,198 INFO: Checkout Initialized: Customer john@gmail.com generated PayFast payload for transaction reference 'B8CBBEDB' totaling R11650.00 [in C:\sc_ShriyaHariparsad_2026\Ecommerce_Website\website\views.py:358]
2026-09-22 13:03:48,091 INFO: Checkout Initialized: Customer john@gmail.com generated PayFast payload for transaction reference 'D9476C4C' totaling R11650.00 [in C:\sc_ShriyaHariparsad_2026\Ecommerce_Website\website\views.py:358]
2026-09-22 13:06:03,770 INFO: Checkout Initialized: Customer john@gmail.com generated PayFast payload for transaction reference '8A99320F' totaling R11650.00 [in C:\sc_ShriyaHariparsad_2026\Ecommerce_Website\website\views.py:358]
2026-09-22 13:07:18,021 INFO: Order Completed: Customer john@gmail.com successfully completed transaction PF-271F7A7A. Products: 'Nintendo Switch 2' (Qty: 1) [in C:\sc_ShriyaHariparsad_2026\Ecommerce_Website\website\views.py:395]
2026-09-22 13:07:41,285 INFO: Receipt Print Triggered: Customer john@gmail.com opened print template view for Order #15 [in C:\sc_ShriyaHariparsad_2026\Ecommerce_Website\website\views.py:558]
2026-09-22 13:36:48,625 INFO: New Return Ticket: Customer john@gmail.com submitted return request for Order #7. Reason: 'The phone does not charge' [in C:\sc_ShriyaHariparsad_2026\Ecommerce_Website\website\views.py:538]
2026-09-22 13:36:59,972 INFO: Session Terminated: User john@gmail.com logged out [Type: customer] [in C:\sc_ShriyaHariparsad_2026\Ecommerce_Website\website\auth.py:103]
2026-09-22 14:05:03,881 INFO: Session Authenticated: Staff member admin@starlight.com logged in [Role: Super Admin] [in C:\sc_ShriyaHariparsad_2026\Ecommerce_Website\website\auth.py:80]
2026-09-22 14:06:22,464 INFO: Return Management: Employee admin@starlight.com marked Return Ticket #7 (Order #7) as 'Refund Processed' [in C:\sc_ShriyaHariparsad_2026\Ecommerce_Website\website\admin.py:325]
2026-09-22 14:07:03,641 INFO: Session Terminated: User admin@starlight.com logged out [Type: employee] [in C:\sc_ShriyaHariparsad_2026\Ecommerce_Website\website\auth.py:103]
2026-09-22 14:07:37,284 INFO: Session Authenticated: Customer john@gmail.com logged in [in C:\sc_ShriyaHariparsad_2026\Ecommerce_Website\website\auth.py:66]
2026-09-22 14:26:58,559 INFO: Session Terminated: User john@gmail.com logged out [Type: customer] [in C:\sc_ShriyaHariparsad_2026\Ecommerce_Website\website\auth.py:103]
2026-09-22 14:28:08,959 INFO: Session Authenticated: Staff member admin@starlight.com logged in [Role: Super Admin] [in C:\sc_ShriyaHariparsad_2026\Ecommerce_Website\website\auth.py:80]
2026-09-22 14:31:10,221 INFO: Session Terminated: User admin@starlight.com logged out [Type: employee] [in C:\sc_ShriyaHariparsad_2026\Ecommerce_Website\website\auth.py:103]
2026-09-22 14:31:47,416 INFO: Session Authenticated: Customer john@gmail.com logged in [in C:\sc_ShriyaHariparsad_2026\Ecommerce_Website\website\auth.py:66]
2026-09-22 14:32:55,881 INFO: New Return Ticket: Customer john@gmail.com submitted return request for Order #6. Reason: 'Product had scratches' [in C:\sc_ShriyaHariparsad_2026\Ecommerce_Website\website\views.py:538]
2026-09-22 14:33:20,949 INFO: Session Terminated: User john@gmail.com logged out [Type: customer] [in C:\sc_ShriyaHariparsad_2026\Ecommerce_Website\website\auth.py:103]
2026-09-22 14:33:55,299 INFO: Session Authenticated: Staff member admin@starlight.com logged in [Role: Super Admin] [in C:\sc_ShriyaHariparsad_2026\Ecommerce_Website\website\auth.py:80]
2026-09-22 14:37:12,951 INFO: Session Terminated: User admin@starlight.com logged out [Type: employee] [in C:\sc_ShriyaHariparsad_2026\Ecommerce_Website\website\auth.py:103]
2026-09-22 14:38:00,683 INFO: Session Authenticated: Staff member admin@starlight.com logged in [Role: Super Admin] [in C:\sc_ShriyaHariparsad_2026\Ecommerce_Website\website\auth.py:80]
2026-09-22 16:32:31,692 INFO: Session Terminated: User admin@starlight.com logged out [Type: employee] [in C:\sc_ShriyaHariparsad_2026\Ecommerce_Website\website\auth.py:103]
2026-09-23 14:55:36,223 INFO: StarlightTech startup initialized successfully [in C:\sc_ShriyaHariparsad_2026\Ecommerce_Website\website\__init__.py:65]
2026-09-23 14:55:37,848 INFO: StarlightTech startup initialized successfully [in C:\sc_ShriyaHariparsad_2026\Ecommerce_Website\website\__init__.py:65]
2026-09-23 14:58:05,496 INFO: Session Authenticated: Staff member admin@starlight.com logged in [Role: Super Admin] [in C:\sc_ShriyaHariparsad_2026\Ecommerce_Website\website\auth.py:80]
2026-09-23 14:58:55,523 INFO: Session Terminated: User admin@starlight.com logged out [Type: employee] [in C:\sc_ShriyaHariparsad_2026\Ecommerce_Website\website\auth.py:103]
2026-09-23 14:59:30,402 INFO: Session Authenticated: Customer john@gmail.com logged in [in C:\sc_ShriyaHariparsad_2026\Ecommerce_Website\website\auth.py:66]
2026-09-23 14:59:37,839 INFO: New Cart Insertion: Customer john@gmail.com added product 'Nintendo Switch 2' (ID: 5) to cart [in C:\sc_ShriyaHariparsad_2026\Ecommerce_Website\website\views.py:138]
2026-09-23 14:59:43,149 INFO: Cart Modification (Asynchronous): User john@gmail.com incremented quantity for cart entry #1 [in C:\sc_ShriyaHariparsad_2026\Ecommerce_Website\website\views.py:200]
2026-09-23 14:59:44,530 INFO: Cart Modification (Asynchronous): User john@gmail.com decremented quantity for cart entry #1 [in C:\sc_ShriyaHariparsad_2026\Ecommerce_Website\website\views.py:244]
2026-09-23 14:59:45,950 INFO: Cart Modification (Asynchronous): User john@gmail.com incremented quantity for cart entry #1 [in C:\sc_ShriyaHariparsad_2026\Ecommerce_Website\website\views.py:200]
2026-09-23 14:59:47,102 INFO: Cart Modification (Asynchronous): User john@gmail.com decremented quantity for cart entry #1 [in C:\sc_ShriyaHariparsad_2026\Ecommerce_Website\website\views.py:244]
2026-09-23 14:59:51,961 INFO: Cart Modification (Asynchronous): User john@gmail.com incremented quantity for cart entry #1 [in C:\sc_ShriyaHariparsad_2026\Ecommerce_Website\website\views.py:200]
2026-09-23 14:59:52,688 INFO: Cart Modification (Asynchronous): User john@gmail.com incremented quantity for cart entry #1 [in C:\sc_ShriyaHariparsad_2026\Ecommerce_Website\website\views.py:200]
2026-09-23 14:59:55,415 INFO: Cart Modification (Asynchronous): User john@gmail.com decremented quantity for cart entry #1 [in C:\sc_ShriyaHariparsad_2026\Ecommerce_Website\website\views.py:244]
2026-09-23 15:00:05,882 INFO: Cart Modification (Asynchronous): User john@gmail.com decremented quantity for cart entry #1 [in C:\sc_ShriyaHariparsad_2026\Ecommerce_Website\website\views.py:244]
2026-09-23 15:00:12,601 INFO: Checkout Initialized: Customer john@gmail.com generated PayFast payload for transaction reference '409AF4D0' totaling R11650.00 [in C:\sc_ShriyaHariparsad_2026\Ecommerce_Website\website\views.py:358]
2026-09-23 15:01:04,447 INFO: Order Completed: Customer john@gmail.com successfully completed transaction PF-EE5AD1C6. Products: 'Nintendo Switch 2' (Qty: 1) [in C:\sc_ShriyaHariparsad_2026\Ecommerce_Website\website\views.py:395]
2026-09-23 15:57:16,986 INFO: Session Terminated: User john@gmail.com logged out [Type: customer] [in C:\sc_ShriyaHariparsad_2026\Ecommerce_Website\website\auth.py:103]
2026-09-23 16:04:02,083 INFO: StarlightTech startup initialized successfully [in C:\sc_ShriyaHariparsad_2026\Ecommerce_Website\website\__init__.py:65]
2026-09-23 16:04:03,819 INFO: StarlightTech startup initialized successfully [in C:\sc_ShriyaHariparsad_2026\Ecommerce_Website\website\__init__.py:65]
2026-09-23 16:05:12,346 INFO: Session Authenticated: Customer john@gmail.com logged in [in C:\sc_ShriyaHariparsad_2026\Ecommerce_Website\website\auth.py:66]
2026-09-23 16:05:16,332 INFO: New Cart Insertion: Customer john@gmail.com added product 'Phone' (ID: 1) to cart [in C:\sc_ShriyaHariparsad_2026\Ecommerce_Website\website\views.py:138]
2026-09-23 16:05:38,497 INFO: Cart Modification (Asynchronous): User john@gmail.com incremented quantity for cart entry #1 [in C:\sc_ShriyaHariparsad_2026\Ecommerce_Website\website\views.py:200]
2026-09-23 16:14:59,078 INFO: Cart Modification (Asynchronous): User john@gmail.com decremented quantity for cart entry #1 [in C:\sc_ShriyaHariparsad_2026\Ecommerce_Website\website\views.py:244]
2026-09-23 16:15:03,170 INFO: Cart Modification (Asynchronous): User john@gmail.com incremented quantity for cart entry #1 [in C:\sc_ShriyaHariparsad_2026\Ecommerce_Website\website\views.py:200]
2026-09-23 16:15:04,561 INFO: Cart Modification (Asynchronous): User john@gmail.com incremented quantity for cart entry #1 [in C:\sc_ShriyaHariparsad_2026\Ecommerce_Website\website\views.py:200]
2026-09-23 16:15:08,362 INFO: Cart Modification (Asynchronous): User john@gmail.com decremented quantity for cart entry #1 [in C:\sc_ShriyaHariparsad_2026\Ecommerce_Website\website\views.py:244]
2026-09-23 16:15:10,715 INFO: Cart Modification (Asynchronous): User john@gmail.com decremented quantity for cart entry #1 [in C:\sc_ShriyaHariparsad_2026\Ecommerce_Website\website\views.py:244]
2026-09-23 16:15:15,002 INFO: Checkout Initialized: Customer john@gmail.com generated PayFast payload for transaction reference 'E2DDEC4B' totaling R650.00 [in C:\sc_ShriyaHariparsad_2026\Ecommerce_Website\website\views.py:358]
2026-09-23 16:16:00,111 INFO: Order Completed: Customer john@gmail.com successfully completed transaction PF-7280B64C. Products: 'Phone' (Qty: 1) [in C:\sc_ShriyaHariparsad_2026\Ecommerce_Website\website\views.py:395]
2026-09-23 16:16:26,363 INFO: New Cart Insertion: Customer john@gmail.com added product 'Samsung Galaxy A34 5G' (ID: 3) to cart [in C:\sc_ShriyaHariparsad_2026\Ecommerce_Website\website\views.py:138]
2026-09-23 16:16:29,793 INFO: New Wishlist Insertion: Customer john@gmail.com saved product 'Nintendo Switch 2' to wishlist [in C:\sc_ShriyaHariparsad_2026\Ecommerce_Website\website\views.py:488]
2026-09-23 16:16:35,633 INFO: New Cart Insertion: Customer john@gmail.com added product 'Nintendo Switch 2' (ID: 5) to cart [in C:\sc_ShriyaHariparsad_2026\Ecommerce_Website\website\views.py:138]
2026-09-23 16:16:41,259 INFO: Cart Removal (Asynchronous): User john@gmail.com completely removed item 'Samsung Galaxy A34 5G' (Entry #1) from cart [in C:\sc_ShriyaHariparsad_2026\Ecommerce_Website\website\views.py:282]
2026-09-23 16:16:42,002 INFO: Cart Removal (Asynchronous): User john@gmail.com completely removed item 'Nintendo Switch 2' (Entry #2) from cart [in C:\sc_ShriyaHariparsad_2026\Ecommerce_Website\website\views.py:282]
2026-09-23 16:16:45,412 INFO: New Cart Insertion: Customer john@gmail.com added product 'Samsung Galaxy A34 5G' (ID: 3) to cart [in C:\sc_ShriyaHariparsad_2026\Ecommerce_Website\website\views.py:138]
2026-09-23 16:16:46,914 INFO: New Cart Insertion: Customer john@gmail.com added product 'Samsung Galaxy Z Flip' (ID: 4) to cart [in C:\sc_ShriyaHariparsad_2026\Ecommerce_Website\website\views.py:138]
2026-09-23 16:16:55,655 INFO: Cart Modification (Asynchronous): User john@gmail.com incremented quantity for cart entry #1 [in C:\sc_ShriyaHariparsad_2026\Ecommerce_Website\website\views.py:200]
2026-09-23 16:16:56,835 INFO: Cart Modification (Asynchronous): User john@gmail.com incremented quantity for cart entry #2 [in C:\sc_ShriyaHariparsad_2026\Ecommerce_Website\website\views.py:200]
2026-09-23 16:16:57,887 INFO: Cart Modification (Asynchronous): User john@gmail.com decremented quantity for cart entry #2 [in C:\sc_ShriyaHariparsad_2026\Ecommerce_Website\website\views.py:244]
2026-09-23 16:16:59,069 INFO: Cart Modification (Asynchronous): User john@gmail.com decremented quantity for cart entry #1 [in C:\sc_ShriyaHariparsad_2026\Ecommerce_Website\website\views.py:244]
2026-09-23 16:17:05,657 INFO: Cart Removal (Asynchronous): User john@gmail.com completely removed item 'Samsung Galaxy A34 5G' (Entry #1) from cart [in C:\sc_ShriyaHariparsad_2026\Ecommerce_Website\website\views.py:282]
2026-09-23 16:17:18,473 INFO: Cart Removal (Asynchronous): User john@gmail.com completely removed item 'Samsung Galaxy Z Flip' (Entry #2) from cart [in C:\sc_ShriyaHariparsad_2026\Ecommerce_Website\website\views.py:282]
2026-09-23 16:17:22,745 INFO: New Cart Insertion: Customer john@gmail.com added product 'Samsung Galaxy A34 5G' (ID: 3) to cart [in C:\sc_ShriyaHariparsad_2026\Ecommerce_Website\website\views.py:138]
2026-09-23 16:17:24,500 INFO: New Cart Insertion: Customer john@gmail.com added product 'Samsung Galaxy Z Flip' (ID: 4) to cart [in C:\sc_ShriyaHariparsad_2026\Ecommerce_Website\website\views.py:138]
2026-09-23 16:18:11,916 INFO: Cart Removal (Asynchronous): User john@gmail.com completely removed item 'Samsung Galaxy A34 5G' (Entry #1) from cart [in C:\sc_ShriyaHariparsad_2026\Ecommerce_Website\website\views.py:282]
2026-09-23 16:22:28,955 INFO: Cart Modification (Asynchronous): User john@gmail.com incremented quantity for cart entry #2 [in C:\sc_ShriyaHariparsad_2026\Ecommerce_Website\website\views.py:200]
2026-09-23 16:22:31,350 INFO: Cart Modification (Asynchronous): User john@gmail.com incremented quantity for cart entry #2 [in C:\sc_ShriyaHariparsad_2026\Ecommerce_Website\website\views.py:200]
2026-09-23 16:22:32,686 INFO: Cart Modification (Asynchronous): User john@gmail.com decremented quantity for cart entry #2 [in C:\sc_ShriyaHariparsad_2026\Ecommerce_Website\website\views.py:244]
2026-09-23 16:22:32,933 INFO: Cart Modification (Asynchronous): User john@gmail.com decremented quantity for cart entry #2 [in C:\sc_ShriyaHariparsad_2026\Ecommerce_Website\website\views.py:244]
2026-09-23 16:22:37,167 INFO: New Cart Insertion: Customer john@gmail.com added product 'Samsung Galaxy A34 5G' (ID: 3) to cart [in C:\sc_ShriyaHariparsad_2026\Ecommerce_Website\website\views.py:138]
2026-09-23 16:22:39,613 INFO: New Cart Insertion: Customer john@gmail.com added product 'Nintendo Switch 2' (ID: 5) to cart [in C:\sc_ShriyaHariparsad_2026\Ecommerce_Website\website\views.py:138]
2026-09-23 16:22:43,260 INFO: Cart Modification (Asynchronous): User john@gmail.com incremented quantity for cart entry #2 [in C:\sc_ShriyaHariparsad_2026\Ecommerce_Website\website\views.py:200]
2026-09-23 16:22:45,081 INFO: Cart Removal (Asynchronous): User john@gmail.com completely removed item 'Samsung Galaxy Z Flip' (Entry #2) from cart [in C:\sc_ShriyaHariparsad_2026\Ecommerce_Website\website\views.py:282]
2026-09-23 16:22:46,811 INFO: Cart Removal (Asynchronous): User john@gmail.com completely removed item 'Samsung Galaxy A34 5G' (Entry #3) from cart [in C:\sc_ShriyaHariparsad_2026\Ecommerce_Website\website\views.py:282]
2026-09-23 16:22:50,942 INFO: Cart Removal (Asynchronous): User john@gmail.com completely removed item 'Nintendo Switch 2' (Entry #4) from cart [in C:\sc_ShriyaHariparsad_2026\Ecommerce_Website\website\views.py:282]
2026-09-23 16:22:55,975 INFO: New Cart Insertion: Customer john@gmail.com added product 'Samsung Galaxy A34 5G' (ID: 3) to cart [in C:\sc_ShriyaHariparsad_2026\Ecommerce_Website\website\views.py:138]
2026-09-23 16:23:00,379 INFO: New Wishlist Insertion: Customer john@gmail.com saved product 'Samsung Galaxy Z Flip' to wishlist [in C:\sc_ShriyaHariparsad_2026\Ecommerce_Website\website\views.py:488]
2026-09-23 16:23:06,031 INFO: Wishlist Removal: Customer john@gmail.com deleted product 'Samsung Galaxy Z Flip' from wishlist [in C:\sc_ShriyaHariparsad_2026\Ecommerce_Website\website\views.py:508]
2026-09-23 16:46:14,526 INFO: Checkout Initialized: Customer john@gmail.com generated PayFast payload for transaction reference 'E7939294' totaling R7150.00 [in C:\sc_ShriyaHariparsad_2026\Ecommerce_Website\website\views.py:358]
2026-09-23 16:46:54,142 INFO: Order Completed: Customer john@gmail.com successfully completed transaction PF-2C02C60C. Products: 'Samsung Galaxy A34 5G' (Qty: 1) [in C:\sc_ShriyaHariparsad_2026\Ecommerce_Website\website\views.py:395]
2026-09-23 16:47:03,385 INFO: New Wishlist Insertion: Customer john@gmail.com saved product 'Samsung Galaxy Z Flip' to wishlist [in C:\sc_ShriyaHariparsad_2026\Ecommerce_Website\website\views.py:488]
2026-09-23 16:47:07,158 INFO: Wishlist Removal: Customer john@gmail.com deleted product 'Samsung Galaxy Z Flip' from wishlist [in C:\sc_ShriyaHariparsad_2026\Ecommerce_Website\website\views.py:508]
2026-09-23 16:47:19,859 INFO: Session Terminated: User john@gmail.com logged out [Type: customer] [in C:\sc_ShriyaHariparsad_2026\Ecommerce_Website\website\auth.py:103]
2026-09-25 06:49:20,070 INFO: StarlightTech startup initialized successfully [in C:\sc_ShriyaHariparsad_2026\Ecommerce_Website\website\__init__.py:65]
2026-09-25 06:49:21,764 INFO: StarlightTech startup initialized successfully [in C:\sc_ShriyaHariparsad_2026\Ecommerce_Website\website\__init__.py:65]
2026-09-25 11:25:03,639 INFO: StarlightTech startup initialized successfully [in C:\sc_ShriyaHariparsad_2026\Ecommerce_Website\website\__init__.py:65]
2026-09-25 11:25:05,844 INFO: StarlightTech startup initialized successfully [in C:\sc_ShriyaHariparsad_2026\Ecommerce_Website\website\__init__.py:65]
2026-09-25 11:26:58,387 INFO: Session Authenticated: Staff member admin@starlight.com logged in [Role: Super Admin] [in C:\sc_ShriyaHariparsad_2026\Ecommerce_Website\website\auth.py:80]
2026-09-25 11:30:47,760 INFO: Inventory Management: Employee admin@starlight.com successfully added a new product: 'Ezviz Cs-H8C-1080p Pan and Tilt Wi-Fi Smart Home Camera, 4 mm Size' [in C:\sc_ShriyaHariparsad_2026\Ecommerce_Website\website\admin.py:52]
2026-09-25 11:32:32,586 INFO: Inventory Management: Employee admin@starlight.com successfully added a new product: '35W USB C Fast Charger for Type-C Devices, Fast Charger USB C with 1M Cable, Compatible to Type-C Devices and i-Phone 15 upwards' [in C:\sc_ShriyaHariparsad_2026\Ecommerce_Website\website\admin.py:52]
2026-09-25 11:34:31,653 INFO: Inventory Management: Employee admin@starlight.com successfully added a new product: '25W USB-C Super Fast Charger for Android and iPhone with Type-C to Type-C Fast Cable' [in C:\sc_ShriyaHariparsad_2026\Ecommerce_Website\website\admin.py:52]
2026-09-25 11:50:44,983 INFO: Inventory Management: Employee admin@starlight.com successfully added a new product: 'Astrum 20000mAh 22.5W PD Power Bank with Fast Charging, LCD Battery Display & Dual USB Output' [in C:\sc_ShriyaHariparsad_2026\Ecommerce_Website\website\admin.py:52]
2026-09-25 11:53:41,082 INFO: Inventory Management: Employee admin@starlight.com successfully added a new product: '20000mAh Portable Charger, 22.5W PD External Power Bank, USB C Fast Charging LCD Display with 3 Outputs' [in C:\sc_ShriyaHariparsad_2026\Ecommerce_Website\website\admin.py:52]
2026-09-25 11:54:38,832 INFO: Inventory Management: Employee admin@starlight.com successfully added a new product: 'Supa Fly Fast-Charge Power Bank Battery with Type-C Cable for Charging' [in C:\sc_ShriyaHariparsad_2026\Ecommerce_Website\website\admin.py:52]
2026-09-25 11:55:21,869 INFO: Inventory Management: Employee admin@starlight.com successfully added a new product: 'Superfly 10000mAh Power Bank, Black' [in C:\sc_ShriyaHariparsad_2026\Ecommerce_Website\website\admin.py:52]
2026-09-25 11:56:16,083 INFO: Inventory Management: Employee admin@starlight.com successfully added a new product: '65 Watt 3 Port Charger with PD cable, 2 PD Type C ports, 1 USB-A Type Port' [in C:\sc_ShriyaHariparsad_2026\Ecommerce_Website\website\admin.py:52]
2026-09-25 11:57:15,421 INFO: Inventory Management: Employee admin@starlight.com successfully added a new product: '20W USB-C PD & 18W USB-A Dual Port USB Wall Charger Adapter, EU Plug, Fast Charging Block for Home, Office & Travel, 86.7 x 42.2 x 26.2 mm' [in C:\sc_ShriyaHariparsad_2026\Ecommerce_Website\website\admin.py:52]
2026-09-25 11:58:14,660 INFO: Inventory Management: Employee admin@starlight.com successfully added a new product: '25W USB-C Fast Charging Adapter and Lightning Cable Compatible With Iphones' [in C:\sc_ShriyaHariparsad_2026\Ecommerce_Website\website\admin.py:52]
2026-09-25 12:00:51,233 INFO: Inventory Management: Employee admin@starlight.com successfully added a new product: 'XIAOMI REDMI NOTE 14 PRO+ 256GB DS MIDNIGHT BLACK' [in C:\sc_ShriyaHariparsad_2026\Ecommerce_Website\website\admin.py:52]
2026-09-25 12:01:29,437 INFO: Inventory Management: Employee admin@starlight.com successfully added a new product: 'Xiaomi redmi note 13 PRO 12+512GB DS 5G midnight black' [in C:\sc_ShriyaHariparsad_2026\Ecommerce_Website\website\admin.py:52]
2026-09-25 12:02:16,853 INFO: Inventory Management: Employee admin@starlight.com successfully added a new product: 'Oppo A57 - Smartphone 64GB, 4GB RAM, Dual Sim, Black' [in C:\sc_ShriyaHariparsad_2026\Ecommerce_Website\website\admin.py:52]
2026-09-25 12:02:53,350 INFO: Inventory Management: Employee admin@starlight.com successfully added a new product: 'OPPO A76 128GB Dual Sim Android Smartphone, Glowing Black' [in C:\sc_ShriyaHariparsad_2026\Ecommerce_Website\website\admin.py:52]
2026-09-25 12:03:42,761 INFO: Inventory Management: Employee admin@starlight.com successfully added a new product: 'realme C71 Andriod Smartphone, Forest Owl' [in C:\sc_ShriyaHariparsad_2026\Ecommerce_Website\website\admin.py:52]
2026-09-25 12:04:29,383 INFO: Inventory Management: Employee admin@starlight.com successfully added a new product: 'realme Note 60 Black' [in C:\sc_ShriyaHariparsad_2026\Ecommerce_Website\website\admin.py:52]
2026-09-25 12:05:28,846 INFO: Inventory Management: Employee admin@starlight.com successfully added a new product: 'Huawei Nova 5T YAL-L21 128GB 6GB RAM International Version - Crush Blue' [in C:\sc_ShriyaHariparsad_2026\Ecommerce_Website\website\admin.py:52]
2026-09-25 12:06:22,446 INFO: Inventory Management: Employee admin@starlight.com successfully added a new product: 'HUAWEI PURA 80 12GB+256GB DS FROSTED GOLD' [in C:\sc_ShriyaHariparsad_2026\Ecommerce_Website\website\admin.py:52]
2026-09-25 12:07:21,253 INFO: Inventory Management: Employee admin@starlight.com successfully added a new product: 'HUAWEI nova 14 Smartphone 12GB+256GB Dual SIM White' [in C:\sc_ShriyaHariparsad_2026\Ecommerce_Website\website\admin.py:52]
2026-09-25 12:08:08,030 INFO: Inventory Management: Employee admin@starlight.com successfully added a new product: 'Apple iPhone 16 Pro 1 TB' [in C:\sc_ShriyaHariparsad_2026\Ecommerce_Website\website\admin.py:52]
2026-09-25 12:09:27,458 INFO: Inventory Management: Employee admin@starlight.com successfully added a new product: 'Apple iPhone 18 Pro Max 256GB - Black' [in C:\sc_ShriyaHariparsad_2026\Ecommerce_Website\website\admin.py:52]
2026-09-25 12:09:54,329 INFO: Inventory Management: Employee admin@starlight.com successfully added a new product: 'Apple iPhone 18 Pro Max 256GB - Glacier' [in C:\sc_ShriyaHariparsad_2026\Ecommerce_Website\website\admin.py:52]
2026-09-25 12:10:18,692 INFO: Inventory Management: Employee admin@starlight.com successfully added a new product: 'Apple iPhone 18 Pro Max 256GB - Burgundy' [in C:\sc_ShriyaHariparsad_2026\Ecommerce_Website\website\admin.py:52]
2026-09-25 12:11:20,960 INFO: Inventory Management: Employee admin@starlight.com successfully added a new product: 'Honor X6a 128GB Dual Sim Smartphone, Cyan Lake' [in C:\sc_ShriyaHariparsad_2026\Ecommerce_Website\website\admin.py:52]
2026-09-25 12:11:59,835 INFO: Inventory Management: Employee admin@starlight.com successfully added a new product: 'HONOR 600 LITE 8GB+256GB DS SPROUT GREEN' [in C:\sc_ShriyaHariparsad_2026\Ecommerce_Website\website\admin.py:52]
2026-09-25 12:13:10,571 INFO: Inventory Management: Employee admin@starlight.com successfully added a new product: 'Samsung Galaxy A56 5G 256GB DS BLACK' [in C:\sc_ShriyaHariparsad_2026\Ecommerce_Website\website\admin.py:52]
2026-09-25 12:13:51,419 INFO: Inventory Management: Employee admin@starlight.com successfully added a new product: 'Samsung Galaxy S26 512GB, Cobalt Violet' [in C:\sc_ShriyaHariparsad_2026\Ecommerce_Website\website\admin.py:52]
2026-09-25 12:14:36,077 INFO: Inventory Management: Employee admin@starlight.com successfully added a new product: 'Samsung Galaxy S26 Ultra, Unlocked Android Smartphone, 256GB, Cobalt Violet' [in C:\sc_ShriyaHariparsad_2026\Ecommerce_Website\website\admin.py:52]
2026-09-25 12:15:09,504 INFO: Inventory Management: Employee admin@starlight.com successfully added a new product: 'SAMSUNG GALAXY A06 64GB DS LIGHT BLUE' [in C:\sc_ShriyaHariparsad_2026\Ecommerce_Website\website\admin.py:52]
2026-09-25 12:15:53,169 INFO: Inventory Modification: Employee admin@starlight.com updated product ID #28. Changes: Name from 'Samsung Galaxy S26 Ultra, Unlocked Android Smartphone, 256GB, Cobalt Violet' to 'Samsung Galaxy S26 Ultra, 256GB, Cobalt Violet' [in C:\sc_ShriyaHariparsad_2026\Ecommerce_Website\website\admin.py:174]
2026-09-25 12:17:16,869 INFO: Inventory Management: Employee admin@starlight.com successfully added a new product: 'Huawei MatePad SE 11 inch WiFi Tablet 4GB RAM 128GB ROM Grey' [in C:\sc_ShriyaHariparsad_2026\Ecommerce_Website\website\admin.py:52]
2026-09-25 12:17:56,714 INFO: Inventory Management: Employee admin@starlight.com successfully added a new product: 'Apple 2021 iPad mini (Wi-Fi, 64GB) - Pink (6th generation)' [in C:\sc_ShriyaHariparsad_2026\Ecommerce_Website\website\admin.py:52]
2026-09-25 12:18:33,092 INFO: Inventory Management: Employee admin@starlight.com successfully added a new product: 'Samsung Galaxy Tab S11 Ultra 5G 256GB 14.6-Inch Tablet, Gray' [in C:\sc_ShriyaHariparsad_2026\Ecommerce_Website\website\admin.py:52]
2026-09-25 12:19:49,279 INFO: Inventory Management: Employee admin@starlight.com successfully added a new product: 'Apple MacBook Pro Laptop with M5 Max chip with 18-core CPU and 32-core GPU' [in C:\sc_ShriyaHariparsad_2026\Ecommerce_Website\website\admin.py:52]
2026-09-25 12:22:36,376 INFO: Inventory Management: Employee admin@starlight.com successfully added a new product: 'Packard Bell Carrera F5 Flex AMD Ryzen 5 16GB RAM 512GB SSD Laptop' [in C:\sc_ShriyaHariparsad_2026\Ecommerce_Website\website\admin.py:52]
2026-09-25 12:23:09,027 INFO: Inventory Management: Employee admin@starlight.com successfully added a new product: 'Connex Horizon X 14 inch Laptop  Intel Celeron N4020C  4GB RAM  256GB SSD  Windows 11 Home  Wi-Fi & Bluetooth  Black' [in C:\sc_ShriyaHariparsad_2026\Ecommerce_Website\website\admin.py:52]
2026-09-25 12:24:27,743 INFO: Inventory Management: Employee admin@starlight.com successfully added a new product: 'Apple 2026 MacBook Neo 13-inch Laptop with A18 Pro chip' [in C:\sc_ShriyaHariparsad_2026\Ecommerce_Website\website\admin.py:52]
2026-09-25 12:25:07,815 INFO: Inventory Management: Employee admin@starlight.com successfully added a new product: 'Apple MacBook Air 13-inch Laptop M5 chip (10-core CPU and 8-core GPU)' [in C:\sc_ShriyaHariparsad_2026\Ecommerce_Website\website\admin.py:52]
2026-09-25 12:26:20,103 INFO: Inventory Management: Employee admin@starlight.com successfully added a new product: 'Dell 22 Monitor - SE2225HM, Full HD (1920x1080), 100Hz, VA, 5ms, VESA (100x100mm), HDMI, VGA, 3 Year Warranty, Black' [in C:\sc_ShriyaHariparsad_2026\Ecommerce_Website\website\admin.py:52]
2026-09-25 12:27:02,399 INFO: Inventory Management: Employee admin@starlight.com successfully added a new product: 'Compaq 6200 SFF - Core i3 3rd Gen 4GB Ram 256GB SSD - Full Set' [in C:\sc_ShriyaHariparsad_2026\Ecommerce_Website\website\admin.py:52]
2026-09-25 12:27:47,918 INFO: Inventory Management: Employee admin@starlight.com successfully added a new product: 'ASUS Vivobook 15 (X1504ZA) 15.6 inch Intel Core i3-1215U 8GB RAM 512GB SSD FHD Laptop' [in C:\sc_ShriyaHariparsad_2026\Ecommerce_Website\website\admin.py:52]
2026-09-25 12:29:16,015 INFO: Inventory Management: Employee admin@starlight.com successfully added a new product: 'HP Laptop 15.6 inch FHD AMD Ryzen 3 8GB RAM 256GB SSD Windows 11 Home - Natural silver' [in C:\sc_ShriyaHariparsad_2026\Ecommerce_Website\website\admin.py:52]
2026-09-25 12:30:14,213 INFO: Inventory Management: Employee admin@starlight.com successfully added a new product: 'Belkin SoundForm Anywhere Wireless Earbuds, Lightweight Earbuds for Side Sleeping with Long-Lasting Comfort, Bluetooth 6.0, 26H Battery Life, IPX4, Earphones for sleeping, sports and more - Black' [in C:\sc_ShriyaHariparsad_2026\Ecommerce_Website\website\admin.py:52]
2026-09-25 12:30:53,596 INFO: Inventory Management: Employee admin@starlight.com successfully added a new product: 'JLAB Go Air Pop True Wireless Earbuds' [in C:\sc_ShriyaHariparsad_2026\Ecommerce_Website\website\admin.py:52]
2026-09-25 12:31:47,137 INFO: Inventory Management: Employee admin@starlight.com successfully added a new product: 'Wireless Earbuds, Bluetooth 5.4 Headphones in Ear with HiFi Stereo Deep Bass, 4 ENC Noise Cancelling Mic Wireless Earphones 48H Playtime, Bluetooth Earbuds LED Display, IP7 Waterproof, Bright Black' [in C:\sc_ShriyaHariparsad_2026\Ecommerce_Website\website\admin.py:52]
2026-09-25 12:32:19,559 INFO: Inventory Management: Employee admin@starlight.com successfully added a new product: 'Earhook True Wireless Earbuds, Sports and Fitness Earphones, iPhone Android' [in C:\sc_ShriyaHariparsad_2026\Ecommerce_Website\website\admin.py:52]
2026-09-25 12:34:47,794 INFO: Inventory Management: Employee admin@starlight.com successfully added a new product: 'USB C Headphones Type C Earphones Wired Earbuds Built-in Mic & Volume Control Headset' [in C:\sc_ShriyaHariparsad_2026\Ecommerce_Website\website\admin.py:52]
2026-09-25 12:35:40,400 INFO: Inventory Management: Employee admin@starlight.com successfully added a new product: 'USB-C Wired Earphones with Mic – Hi-Fi In-Ear Headphones, Type-C Audio Earbuds with In-Line Control, Compatible with Android & USB-C Devices (Black)' [in C:\sc_ShriyaHariparsad_2026\Ecommerce_Website\website\admin.py:52]
2026-09-25 12:38:53,886 INFO: Inventory Management: Employee admin@starlight.com successfully added a new product: 'P9 Pro Max Wireless Bluetooth Headphones, Over-Ear Headset with Built-In Microphone, Rechargeable Battery for Music, Calls and Everyday Use(Green)' [in C:\sc_ShriyaHariparsad_2026\Ecommerce_Website\website\admin.py:52]
2026-09-25 12:39:49,458 INFO: Inventory Management: Employee admin@starlight.com successfully added a new product: 'Generic 6K UHD Smart TV Box with Android 10.0, Quad Core, 2GB RAM + 8GB Storage, EU Plug' [in C:\sc_ShriyaHariparsad_2026\Ecommerce_Website\website\admin.py:52]
2026-09-25 12:40:36,657 INFO: Inventory Management: Employee admin@starlight.com successfully added a new product: 'Omega 3.1CH Home Speaker System - Rich Bass & Immersive Sound SPK-716' [in C:\sc_ShriyaHariparsad_2026\Ecommerce_Website\website\admin.py:52]
2026-09-25 12:41:07,710 INFO: Inventory Management: Employee admin@starlight.com successfully added a new product: 'Projector, Home Theatre projector 1080P Full HD Supported, Upgraded 12000 Lux Video Mini Projector' [in C:\sc_ShriyaHariparsad_2026\Ecommerce_Website\website\admin.py:52]
2026-09-25 12:41:43,370 INFO: Inventory Management: Employee admin@starlight.com successfully added a new product: 'Soundbar Speaker System with Subwoofer and Remote Control' [in C:\sc_ShriyaHariparsad_2026\Ecommerce_Website\website\admin.py:52]
2026-09-25 12:42:13,592 INFO: Inventory Management: Employee admin@starlight.com successfully added a new product: 'Sinotec 43-Inch STL-43S2 Full HD LED Smart TV with Eye Care, HDR10 HLG, Dolby Audio, YouTube, Prime Video & DStv, Wi-Fi, 2 HDMI, 2 USB, 36-Month Warranty' [in C:\sc_ShriyaHariparsad_2026\Ecommerce_Website\website\admin.py:52]
2026-09-25 12:43:21,399 INFO: Inventory Management: Employee admin@starlight.com successfully added a new product: 'Hisense 2025 4K UHD E7Q QLED Dolby Vision 55-Inch Smart TV' [in C:\sc_ShriyaHariparsad_2026\Ecommerce_Website\website\admin.py:52]
2026-09-25 12:43:56,855 INFO: Inventory Management: Employee admin@starlight.com successfully added a new product: 'Toshiba 32 inch V35RP HD-Ready Smart LED TV with REGZA Engine ZR and Dolby Audio, Built-in Wi-Fi, Slim Design, 60Hz Refresh Rate, VIDDA OS' [in C:\sc_ShriyaHariparsad_2026\Ecommerce_Website\website\admin.py:52]
2026-09-25 12:44:52,988 INFO: Inventory Management: Employee admin@starlight.com successfully added a new product: 'Samsung 65 inch 4K Smart TV, Mini LED, 120Hz, AI, Motion Accelerator' [in C:\sc_ShriyaHariparsad_2026\Ecommerce_Website\website\admin.py:52]
2026-09-25 12:45:40,355 INFO: Inventory Management: Employee admin@starlight.com successfully added a new product: 'SKYWORTH 43 inch E5500H 2K Full HD Google smart TV, HDR10, Dolby Audio and Wonder Audio, Google Assistant, Chromecast Built-in, Game Mode, Bluetooth 5.1' [in C:\sc_ShriyaHariparsad_2026\Ecommerce_Website\website\admin.py:52]
2026-09-25 12:46:41,964 INFO: Inventory Management: Employee admin@starlight.com successfully added a new product: 'IMOU Cruiser Triple AI Security Camera, 11MP Tri-View Sentinel, Dual SD Card Slots, Wi-Fi 6, Weatherproof, Two-way Talk' [in C:\sc_ShriyaHariparsad_2026\Ecommerce_Website\website\admin.py:52]
2026-09-25 12:47:23,716 INFO: Inventory Management: Employee admin@starlight.com successfully added a new product: 'IMOU Rex VT 3K Indoor Video intercom Wifi Security Camera - Two way Video' [in C:\sc_ShriyaHariparsad_2026\Ecommerce_Website\website\admin.py:52]
2026-09-25 12:47:59,216 INFO: Inventory Management: Employee admin@starlight.com successfully added a new product: 'Solar Powered Security Camera 4K Wireless Outdoor 360° Pan Tilt Three Lens Battery CCTV System 2.4G WiFi Surveillance(Black)' [in C:\sc_ShriyaHariparsad_2026\Ecommerce_Website\website\admin.py:52]
2026-09-25 12:48:45,796 INFO: Inventory Management: Employee admin@starlight.com successfully added a new product: 'BRIGHTSTAR Security outdoor IP Full Colour Smart Camera' [in C:\sc_ShriyaHariparsad_2026\Ecommerce_Website\website\admin.py:52]
2026-09-25 12:49:34,559 INFO: Inventory Management: Employee admin@starlight.com successfully added a new product: 'WiFi Security Camera, PTZ Outdoor, 355° Pan 90° Tilt, Colour Night Vision, Two-Way Audio, Motion Detection, Cloud Storage' [in C:\sc_ShriyaHariparsad_2026\Ecommerce_Website\website\admin.py:52]
2026-09-25 12:50:22,402 INFO: Inventory Management: Employee admin@starlight.com successfully added a new product: 'TP-LINK TAPO TC60 HOME SECURITY WI-FI CAMERA' [in C:\sc_ShriyaHariparsad_2026\Ecommerce_Website\website\admin.py:52]
2026-09-25 12:50:59,641 INFO: Inventory Management: Employee admin@starlight.com successfully added a new product: 'Tapo T110 Smart Contact Sensor (Door Window), White' [in C:\sc_ShriyaHariparsad_2026\Ecommerce_Website\website\admin.py:52]
2026-09-25 12:51:48,173 INFO: Inventory Management: Employee admin@starlight.com successfully added a new product: 'Wireless Smart Home Security Camera with Night Vision' [in C:\sc_ShriyaHariparsad_2026\Ecommerce_Website\website\admin.py:52]
2026-09-25 12:53:25,768 INFO: Inventory Management: Employee admin@starlight.com successfully added a new product: 'ASUS ROG Xbox Ally X AMD Ryzen Z2A 16GB RAM 512GB Handheld Gaming Console' [in C:\sc_ShriyaHariparsad_2026\Ecommerce_Website\website\admin.py:52]
2026-09-25 12:54:04,269 INFO: Inventory Management: Employee admin@starlight.com successfully added a new product: 'PSM-Mobile gaming console' [in C:\sc_ShriyaHariparsad_2026\Ecommerce_Website\website\admin.py:52]
2026-09-25 12:54:41,634 INFO: Inventory Management: Employee admin@starlight.com successfully added a new product: 'Wired Gaming Keyboard and Mouse Headset Combo,Rainbow LED Backlit Wired Keyboard,Over Ear Headphone with Mic,Rainbow Backlit Gaming Mice,Mouse Pad,for PC,Laptop,Mac,PS4,Xbox(Black)' [in C:\sc_ShriyaHariparsad_2026\Ecommerce_Website\website\admin.py:52]
2026-09-25 12:56:45,696 INFO: Inventory Management: Employee admin@starlight.com successfully added a new product: 'EA SPORTS FC 26 - PlayStation 5' [in C:\sc_ShriyaHariparsad_2026\Ecommerce_Website\website\admin.py:52]
2026-09-25 12:57:26,292 INFO: Inventory Management: Employee admin@starlight.com successfully added a new product: 'Call of Duty Black Ops 7 (PlayStation 5)' [in C:\sc_ShriyaHariparsad_2026\Ecommerce_Website\website\admin.py:52]
2026-09-25 12:58:13,806 INFO: Inventory Management: Employee admin@starlight.com successfully added a new product: 'WWE 2K26 (PlayStation 5)' [in C:\sc_ShriyaHariparsad_2026\Ecommerce_Website\website\admin.py:52]
2026-09-25 12:59:27,030 INFO: Inventory Management: Employee admin@starlight.com successfully added a new product: 'Nintendo Street Fighter 6 Video Game for Nintendo Switch 2' [in C:\sc_ShriyaHariparsad_2026\Ecommerce_Website\website\admin.py:52]
2026-09-25 13:00:13,272 INFO: Inventory Management: Employee admin@starlight.com successfully added a new product: 'Super Mario Party Jamboree' [in C:\sc_ShriyaHariparsad_2026\Ecommerce_Website\website\admin.py:52]
2026-09-25 13:01:03,504 INFO: Inventory Management: Employee admin@starlight.com successfully added a new product: 'Nintendo Joy-Con 2 Controller Pair (Blue/Red)' [in C:\sc_ShriyaHariparsad_2026\Ecommerce_Website\website\admin.py:52]
2026-09-25 13:01:35,880 INFO: Inventory Management: Employee admin@starlight.com successfully added a new product: 'Nintendo Switch 2 Joy-Con 2 Pair Steering Wheels, Multicolor' [in C:\sc_ShriyaHariparsad_2026\Ecommerce_Website\website\admin.py:52]
2026-09-25 13:02:38,608 INFO: Inventory Management: Employee admin@starlight.com successfully added a new product: 'Nintendo Switch Console Mario Bundle' [in C:\sc_ShriyaHariparsad_2026\Ecommerce_Website\website\admin.py:52]
2026-09-25 13:04:08,155 INFO: Inventory Management: Employee admin@starlight.com successfully added a new product: 'Sony PlayStation 5 - Standard Console (E)' [in C:\sc_ShriyaHariparsad_2026\Ecommerce_Website\website\admin.py:52]
2026-09-25 13:04:51,791 INFO: Inventory Management: Employee admin@starlight.com successfully added a new product: 'PlayStation Sony PS5 Disc Console with Fortnite Voucher' [in C:\sc_ShriyaHariparsad_2026\Ecommerce_Website\website\admin.py:52]
2026-09-25 13:05:34,378 INFO: Inventory Management: Employee admin@starlight.com successfully added a new product: 'PS5 Dualsense Controller Nova Pink' [in C:\sc_ShriyaHariparsad_2026\Ecommerce_Website\website\admin.py:52]
2026-09-25 13:06:57,548 INFO: Inventory Management: Employee admin@starlight.com successfully added a new product: 'Sony PlayStation 5 - Slim Digital 825GB Console' [in C:\sc_ShriyaHariparsad_2026\Ecommerce_Website\website\admin.py:52]
2026-09-25 13:07:42,770 INFO: Inventory Management: Employee admin@starlight.com successfully added a new product: 'Xbox - Series X Disc Console (Black) 1TB' [in C:\sc_ShriyaHariparsad_2026\Ecommerce_Website\website\admin.py:52]
2026-09-25 13:08:45,942 INFO: Inventory Management: Employee admin@starlight.com successfully added a new product: 'Nintendo Switch 2 Console with Mario Kart Bundle' [in C:\sc_ShriyaHariparsad_2026\Ecommerce_Website\website\admin.py:52]
2026-09-25 13:09:34,054 INFO: Inventory Modification: Employee admin@starlight.com updated product ID #84. Changes: Price from R12499.0 to R11000.0, Stock Level from 100 to 5, Flash Sale status from False to True [in C:\sc_ShriyaHariparsad_2026\Ecommerce_Website\website\admin.py:174]
2026-09-25 13:12:59,955 INFO: Inventory Management: Employee admin@starlight.com successfully added a new product: 'Lenovo ThinkBook 14 G8 IAL 14-inch WUXGA Intel Core Ultra 7 255H 16GB RAM 512GB SSD Windows 11 Pro AI Laptop - Arctic Grey' [in C:\sc_ShriyaHariparsad_2026\Ecommerce_Website\website\admin.py:52]
2026-09-25 13:15:00,359 INFO: Inventory Management: Employee admin@starlight.com successfully added a new product: 'Samsung Galaxy Tab A11+ 4 GB Wi-Fi 11-Inch Tablet' [in C:\sc_ShriyaHariparsad_2026\Ecommerce_Website\website\admin.py:52]
2026-09-25 13:16:01,122 INFO: Inventory Management: Employee admin@starlight.com successfully added a new product: 'Volkano Pebble Bluetooth Headphones - 75Hr Playtime, Khaki' [in C:\sc_ShriyaHariparsad_2026\Ecommerce_Website\website\admin.py:52]
2026-09-25 13:16:53,945 INFO: Inventory Management: Employee admin@starlight.com successfully added a new product: 'Portable mini projector LED micro projector home party meeting theater projector' [in C:\sc_ShriyaHariparsad_2026\Ecommerce_Website\website\admin.py:52]
2026-09-25 14:31:05,455 INFO: Inventory Modification: Employee admin@starlight.com updated product ID #31. Changes: Price from R10500.0 to R7900.0, Flash Sale status from False to True [in C:\sc_ShriyaHariparsad_2026\Ecommerce_Website\website\admin.py:174]
2026-09-25 14:32:22,054 INFO: Inventory Modification: Employee admin@starlight.com updated product ID #22. Changes: Price from R32000.0 to R25000.0, Stock Level from 47 to 4, Flash Sale status from False to True [in C:\sc_ShriyaHariparsad_2026\Ecommerce_Website\website\admin.py:174]
2026-09-25 14:33:22,177 INFO: Inventory Modification: Employee admin@starlight.com updated product ID #44. Changes: Price from R399.0 to R150.0, Stock Level from 82 to 10, Flash Sale status from False to True [in C:\sc_ShriyaHariparsad_2026\Ecommerce_Website\website\admin.py:174]
2026-09-25 14:35:45,060 INFO: Session Terminated: User admin@starlight.com logged out [Type: employee] [in C:\sc_ShriyaHariparsad_2026\Ecommerce_Website\website\auth.py:103]
2026-09-25 14:38:12,661 INFO: Session Authenticated: Staff member admin@starlight.com logged in [Role: Super Admin] [in C:\sc_ShriyaHariparsad_2026\Ecommerce_Website\website\auth.py:80]
2026-09-25 14:39:45,286 INFO: Session Terminated: User admin@starlight.com logged out [Type: employee] [in C:\sc_ShriyaHariparsad_2026\Ecommerce_Website\website\auth.py:103]
2026-09-25 14:41:06,849 INFO: New User Registration: Customer account successfully created for john@gmail [in C:\sc_ShriyaHariparsad_2026\Ecommerce_Website\website\auth.py:34]
2026-09-25 14:41:42,575 INFO: Session Authenticated: Customer john@gmail logged in [in C:\sc_ShriyaHariparsad_2026\Ecommerce_Website\website\auth.py:66]
2026-09-25 14:43:02,580 INFO: New Cart Insertion: Customer john@gmail.com added product 'Apple 2021 iPad mini (Wi-Fi, 64GB) - Pink (6th generation)' (ID: 31) to cart [in C:\sc_ShriyaHariparsad_2026\Ecommerce_Website\website\views.py:138]
2026-09-25 14:43:05,686 INFO: New Wishlist Insertion: Customer john@gmail.com saved product 'JLAB Go Air Pop True Wireless Earbuds' to wishlist [in C:\sc_ShriyaHariparsad_2026\Ecommerce_Website\website\views.py:488]
2026-09-25 14:43:08,945 INFO: Wishlist Removal: Customer john@gmail.com deleted product 'JLAB Go Air Pop True Wireless Earbuds' from wishlist [in C:\sc_ShriyaHariparsad_2026\Ecommerce_Website\website\views.py:508]
2026-09-25 14:43:21,870 INFO: Cart Modification (Asynchronous): User john@gmail.com incremented quantity for cart entry #1 [in C:\sc_ShriyaHariparsad_2026\Ecommerce_Website\website\views.py:200]
2026-09-25 14:43:22,679 INFO: Cart Modification (Asynchronous): User john@gmail.com decremented quantity for cart entry #1 [in C:\sc_ShriyaHariparsad_2026\Ecommerce_Website\website\views.py:244]
2026-09-25 14:43:23,584 INFO: Cart Removal (Asynchronous): User john@gmail.com completely removed item 'Apple 2021 iPad mini (Wi-Fi, 64GB) - Pink (6th generation)' (Entry #1) from cart [in C:\sc_ShriyaHariparsad_2026\Ecommerce_Website\website\views.py:282]
2026-09-25 14:43:29,715 INFO: New Cart Insertion: Customer john@gmail.com added product 'Apple 2021 iPad mini (Wi-Fi, 64GB) - Pink (6th generation)' (ID: 31) to cart [in C:\sc_ShriyaHariparsad_2026\Ecommerce_Website\website\views.py:138]
2026-09-25 14:43:56,954 INFO: Checkout Initialized: Customer john@gmail.com generated PayFast payload for transaction reference 'F35E28F3' totaling R8050.00 [in C:\sc_ShriyaHariparsad_2026\Ecommerce_Website\website\views.py:358]
2026-09-25 14:45:16,831 INFO: Order Completed: Customer john@gmail.com successfully completed transaction PF-FA20BA4D. Products: 'Apple 2021 iPad mini (Wi-Fi, 64GB) - Pink (6th generation)' (Qty: 1) [in C:\sc_ShriyaHariparsad_2026\Ecommerce_Website\website\views.py:395]
2026-09-25 14:45:28,711 INFO: Session Terminated: User john@gmail.com logged out [Type: customer] [in C:\sc_ShriyaHariparsad_2026\Ecommerce_Website\website\auth.py:103]
2026-09-25 14:46:00,377 WARNING: Failed Login Attempt: Email john@gmail does not exist in the database system [in C:\sc_ShriyaHariparsad_2026\Ecommerce_Website\website\auth.py:89]
2026-09-25 14:52:59,217 INFO: StarlightTech startup initialized successfully [in C:\sc_ShriyaHariparsad_2026\Ecommerce_Website\website\__init__.py:65]
2026-09-25 14:53:00,633 INFO: StarlightTech startup initialized successfully [in C:\sc_ShriyaHariparsad_2026\Ecommerce_Website\website\__init__.py:65]
2026-09-25 14:56:59,630 INFO: StarlightTech startup initialized successfully [in C:\sc_ShriyaHariparsad_2026\Ecommerce_Website\website\__init__.py:65]
2026-09-25 14:57:00,864 INFO: StarlightTech startup initialized successfully [in C:\sc_ShriyaHariparsad_2026\Ecommerce_Website\website\__init__.py:65]
2026-09-25 15:00:13,736 INFO: Session Authenticated: Customer john@gmail.com logged in [in C:\sc_ShriyaHariparsad_2026\Ecommerce_Website\website\auth.py:66]
2026-09-25 15:03:44,716 INFO: StarlightTech startup initialized successfully [in C:\sc_ShriyaHariparsad_2026\Ecommerce_Website\website\__init__.py:65]
2026-09-25 15:03:59,303 INFO: StarlightTech startup initialized successfully [in C:\sc_ShriyaHariparsad_2026\Ecommerce_Website\website\__init__.py:65]
2026-09-25 15:05:34,109 INFO: StarlightTech startup initialized successfully [in C:\sc_ShriyaHariparsad_2026\Ecommerce_Website\website\__init__.py:65]
2026-09-25 15:06:55,845 INFO: New Cart Insertion: Customer john@gmail.com added product 'JLAB Go Air Pop True Wireless Earbuds' (ID: 44) to cart [in C:\sc_ShriyaHariparsad_2026\Ecommerce_Website\website\views.py:138]
2026-09-25 15:06:58,484 INFO: New Wishlist Insertion: Customer john@gmail.com saved product 'Nintendo Switch 2 Console with Mario Kart Bundle' to wishlist [in C:\sc_ShriyaHariparsad_2026\Ecommerce_Website\website\views.py:488]
2026-09-25 15:07:01,903 INFO: New Cart Insertion: Customer john@gmail.com added product 'Nintendo Switch 2 Console with Mario Kart Bundle' (ID: 84) to cart [in C:\sc_ShriyaHariparsad_2026\Ecommerce_Website\website\views.py:138]
2026-09-25 15:07:05,497 INFO: Cart Removal (Asynchronous): User john@gmail.com completely removed item 'Nintendo Switch 2 Console with Mario Kart Bundle' (Entry #2) from cart [in C:\sc_ShriyaHariparsad_2026\Ecommerce_Website\website\views.py:282]
2026-09-25 15:07:06,160 INFO: Cart Removal (Asynchronous): User john@gmail.com completely removed item 'JLAB Go Air Pop True Wireless Earbuds' (Entry #1) from cart [in C:\sc_ShriyaHariparsad_2026\Ecommerce_Website\website\views.py:282]
2026-09-25 15:07:09,355 INFO: New Wishlist Insertion: Customer john@gmail.com saved product 'Apple 2021 iPad mini (Wi-Fi, 64GB) - Pink (6th generation)' to wishlist [in C:\sc_ShriyaHariparsad_2026\Ecommerce_Website\website\views.py:488]
2026-09-25 15:07:18,046 INFO: Wishlist Removal: Customer john@gmail.com deleted product 'Apple 2021 iPad mini (Wi-Fi, 64GB) - Pink (6th generation)' from wishlist [in C:\sc_ShriyaHariparsad_2026\Ecommerce_Website\website\views.py:508]
2026-09-25 15:07:30,889 INFO: Session Terminated: User john@gmail.com logged out [Type: customer] [in C:\sc_ShriyaHariparsad_2026\Ecommerce_Website\website\auth.py:104]
2026-09-25 15:08:50,523 INFO: Session Authenticated: Staff member admin@starlight.com logged in [Role: Super Admin] [in C:\sc_ShriyaHariparsad_2026\Ecommerce_Website\website\auth.py:81]
2026-09-25 15:10:14,602 INFO: API Fulfillment Transition: Employee admin@starlight.com updated Order #1 status from 'Pending Delivery' to 'Delivered' via API endpoint [in C:\sc_ShriyaHariparsad_2026\Ecommerce_Website\website\admin.py:517]
2026-09-25 15:10:20,454 INFO: Session Terminated: User admin@starlight.com logged out [Type: employee] [in C:\sc_ShriyaHariparsad_2026\Ecommerce_Website\website\auth.py:104]
2026-09-25 15:11:00,164 INFO: Session Authenticated: Customer john@gmail.com logged in [in C:\sc_ShriyaHariparsad_2026\Ecommerce_Website\website\auth.py:67]
2026-09-25 15:18:08,318 INFO: New Cart Insertion: Customer john@gmail.com added product 'Sony PlayStation 5 - Slim Digital 825GB Console' (ID: 82) to cart [in C:\sc_ShriyaHariparsad_2026\Ecommerce_Website\website\views.py:138]
2026-09-25 15:18:12,438 INFO: New Wishlist Insertion: Customer john@gmail.com saved product 'PS5 Dualsense Controller Nova Pink' to wishlist [in C:\sc_ShriyaHariparsad_2026\Ecommerce_Website\website\views.py:488]
2026-09-25 15:18:15,721 INFO: Cart Modification (Asynchronous): User john@gmail.com incremented quantity for cart entry #1 [in C:\sc_ShriyaHariparsad_2026\Ecommerce_Website\website\views.py:200]
2026-09-25 15:18:17,796 INFO: Cart Modification (Asynchronous): User john@gmail.com incremented quantity for cart entry #1 [in C:\sc_ShriyaHariparsad_2026\Ecommerce_Website\website\views.py:200]
2026-09-25 15:18:19,368 INFO: Cart Removal (Asynchronous): User john@gmail.com completely removed item 'Sony PlayStation 5 - Slim Digital 825GB Console' (Entry #1) from cart [in C:\sc_ShriyaHariparsad_2026\Ecommerce_Website\website\views.py:282]
2026-09-25 15:18:22,708 INFO: Wishlist Removal: Customer john@gmail.com deleted product 'PS5 Dualsense Controller Nova Pink' from wishlist [in C:\sc_ShriyaHariparsad_2026\Ecommerce_Website\website\views.py:508]
2026-09-28 09:26:28,728 INFO: StarlightTech startup initialized successfully [in C:\sc_ShriyaHariparsad_2026\Ecommerce_Website\website\__init__.py:65]
2026-09-28 09:26:30,288 INFO: StarlightTech startup initialized successfully [in C:\sc_ShriyaHariparsad_2026\Ecommerce_Website\website\__init__.py:65]
2026-09-28 09:27:09,544 INFO: Session Authenticated: Customer john@gmail.com logged in [in C:\sc_ShriyaHariparsad_2026\Ecommerce_Website\website\auth.py:67]
2026-09-28 09:43:23,215 INFO: StarlightTech startup initialized successfully [in C:\sc_ShriyaHariparsad_2026\Ecommerce_Website\website\__init__.py:65]
2026-09-28 09:43:24,538 INFO: StarlightTech startup initialized successfully [in C:\sc_ShriyaHariparsad_2026\Ecommerce_Website\website\__init__.py:65]
2026-09-28 10:51:23,168 INFO: StarlightTech startup initialized successfully [in C:\sc_ShriyaHariparsad_2026\Ecommerce_Website\website\__init__.py:65]
2026-09-28 10:51:24,919 INFO: StarlightTech startup initialized successfully [in C:\sc_ShriyaHariparsad_2026\Ecommerce_Website\website\__init__.py:65]
2026-09-28 11:18:54,242 INFO: Receipt Print Triggered: Customer john@gmail.com opened print template view for Order #1 [in C:\sc_ShriyaHariparsad_2026\Ecommerce_Website\website\views.py:558]
2026-09-28 15:08:18,171 INFO: StarlightTech startup initialized successfully [in C:\sc_ShriyaHariparsad_2026\Ecommerce_Website\website\__init__.py:65]
2026-09-28 15:08:19,569 INFO: StarlightTech startup initialized successfully [in C:\sc_ShriyaHariparsad_2026\Ecommerce_Website\website\__init__.py:65]
2026-09-28 15:08:33,897 INFO: New Cart Insertion: Customer john@gmail.com added product 'Apple iPhone 18 Pro Max 256GB - Glacier' (ID: 22) to cart [in C:\sc_ShriyaHariparsad_2026\Ecommerce_Website\website\views.py:138]
2026-09-28 15:08:37,068 INFO: Cart Modification (Asynchronous): User john@gmail.com incremented quantity for cart entry #1 [in C:\sc_ShriyaHariparsad_2026\Ecommerce_Website\website\views.py:200]
2026-09-28 15:08:37,228 INFO: Cart Modification (Asynchronous): User john@gmail.com incremented quantity for cart entry #1 [in C:\sc_ShriyaHariparsad_2026\Ecommerce_Website\website\views.py:200]
2026-09-28 15:08:37,349 INFO: Cart Modification (Asynchronous): User john@gmail.com incremented quantity for cart entry #1 [in C:\sc_ShriyaHariparsad_2026\Ecommerce_Website\website\views.py:200]
2026-09-28 15:08:41,729 INFO: Cart Modification (Asynchronous): User john@gmail.com decremented quantity for cart entry #1 [in C:\sc_ShriyaHariparsad_2026\Ecommerce_Website\website\views.py:244]
2026-09-28 15:08:41,867 INFO: Cart Modification (Asynchronous): User john@gmail.com decremented quantity for cart entry #1 [in C:\sc_ShriyaHariparsad_2026\Ecommerce_Website\website\views.py:244]
2026-09-28 15:08:42,084 INFO: Cart Modification (Asynchronous): User john@gmail.com decremented quantity for cart entry #1 [in C:\sc_ShriyaHariparsad_2026\Ecommerce_Website\website\views.py:244]
2026-09-28 15:08:45,549 INFO: Cart Removal (Asynchronous): User john@gmail.com completely removed item 'Apple iPhone 18 Pro Max 256GB - Glacier' (Entry #1) from cart [in C:\sc_ShriyaHariparsad_2026\Ecommerce_Website\website\views.py:282]
2026-09-28 15:59:02,609 INFO: New Cart Insertion: Customer john@gmail.com added product 'Apple 2021 iPad mini (Wi-Fi, 64GB) - Pink (6th generation)' (ID: 31) to cart [in C:\sc_ShriyaHariparsad_2026\Ecommerce_Website\website\views.py:138]
2026-09-28 15:59:04,993 INFO: New Wishlist Insertion: Customer john@gmail.com saved product 'JLAB Go Air Pop True Wireless Earbuds' to wishlist [in C:\sc_ShriyaHariparsad_2026\Ecommerce_Website\website\views.py:488]
2026-09-28 15:59:12,298 INFO: Wishlist Removal: Customer john@gmail.com deleted product 'JLAB Go Air Pop True Wireless Earbuds' from wishlist [in C:\sc_ShriyaHariparsad_2026\Ecommerce_Website\website\views.py:508]
2026-09-28 15:59:16,893 INFO: Cart Modification (Asynchronous): User john@gmail.com incremented quantity for cart entry #1 [in C:\sc_ShriyaHariparsad_2026\Ecommerce_Website\website\views.py:200]
2026-09-28 15:59:18,345 INFO: Cart Modification (Asynchronous): User john@gmail.com decremented quantity for cart entry #1 [in C:\sc_ShriyaHariparsad_2026\Ecommerce_Website\website\views.py:244]
2026-09-28 15:59:27,653 INFO: Checkout Initialized: Customer john@gmail.com generated PayFast payload for transaction reference 'BE87A393' totaling R8050.00 [in C:\sc_ShriyaHariparsad_2026\Ecommerce_Website\website\views.py:358]
2026-09-28 16:00:33,566 INFO: Order Completed: Customer john@gmail.com successfully completed transaction PF-B7154526. Products: 'Apple 2021 iPad mini (Wi-Fi, 64GB) - Pink (6th generation)' (Qty: 1) [in C:\sc_ShriyaHariparsad_2026\Ecommerce_Website\website\views.py:395]
2026-09-28 16:01:00,168 INFO: New Return Ticket: Customer john@gmail.com submitted return request for Order #1. Reason: 'iPad does not charge' [in C:\sc_ShriyaHariparsad_2026\Ecommerce_Website\website\views.py:538]
2026-09-28 16:01:06,877 INFO: Session Terminated: User john@gmail.com logged out [Type: customer] [in C:\sc_ShriyaHariparsad_2026\Ecommerce_Website\website\auth.py:104]
2026-09-28 16:01:43,073 INFO: Session Authenticated: Staff member admin@starlight.com logged in [Role: Super Admin] [in C:\sc_ShriyaHariparsad_2026\Ecommerce_Website\website\auth.py:81]
2026-09-28 16:02:23,133 INFO: Return Management: Employee admin@starlight.com marked Return Ticket #1 (Order #1) as 'Refund Processed' [in C:\sc_ShriyaHariparsad_2026\Ecommerce_Website\website\admin.py:325]
2026-09-28 16:05:27,055 INFO: Inventory Modification: Employee admin@starlight.com updated product ID #84. Changes: Flash Sale status from True to False [in C:\sc_ShriyaHariparsad_2026\Ecommerce_Website\website\admin.py:174]
2026-09-28 16:06:50,333 INFO: Session Terminated: User admin@starlight.com logged out [Type: employee] [in C:\sc_ShriyaHariparsad_2026\Ecommerce_Website\website\auth.py:104]
2026-09-28 16:07:22,212 INFO: Session Authenticated: Customer john@gmail.com logged in [in C:\sc_ShriyaHariparsad_2026\Ecommerce_Website\website\auth.py:67]
2026-09-28 16:09:44,975 INFO: Session Terminated: User john@gmail.com logged out [Type: customer] [in C:\sc_ShriyaHariparsad_2026\Ecommerce_Website\website\auth.py:104]
2026-09-28 16:10:26,402 INFO: Session Authenticated: Staff member admin@starlight.com logged in [Role: Super Admin] [in C:\sc_ShriyaHariparsad_2026\Ecommerce_Website\website\auth.py:81]
2026-09-28 16:10:41,657 INFO: Inventory Modification: Employee admin@starlight.com updated product ID #84. Changes: Flash Sale status from False to True [in C:\sc_ShriyaHariparsad_2026\Ecommerce_Website\website\admin.py:174]
2026-09-28 16:10:49,002 INFO: Session Terminated: User admin@starlight.com logged out [Type: employee] [in C:\sc_ShriyaHariparsad_2026\Ecommerce_Website\website\auth.py:104]
2026-09-28 16:34:25,475 INFO: StarlightTech startup initialized successfully [in C:\sc_ShriyaHariparsad_2026\Ecommerce_Website\website\__init__.py:65]
2026-09-28 16:34:27,369 INFO: StarlightTech startup initialized successfully [in C:\sc_ShriyaHariparsad_2026\Ecommerce_Website\website\__init__.py:65]
2026-09-28 16:35:08,353 WARNING: Failed Login Attempt: Email john@starlight.com does not exist in the database system [in C:\sc_ShriyaHariparsad_2026\Ecommerce_Website\website\auth.py:90]
2026-09-28 16:35:42,320 INFO: Session Authenticated: Customer john@gmail.com logged in [in C:\sc_ShriyaHariparsad_2026\Ecommerce_Website\website\auth.py:67]
2026-09-28 16:35:58,683 INFO: Session Terminated: User john@gmail.com logged out [Type: customer] [in C:\sc_ShriyaHariparsad_2026\Ecommerce_Website\website\auth.py:104]
2026-09-29 08:14:26,692 INFO: StarlightTech startup initialized successfully [in C:\sc_ShriyaHariparsad_2026\Ecommerce_Website\website\__init__.py:65]
2026-09-29 08:14:28,377 INFO: StarlightTech startup initialized successfully [in C:\sc_ShriyaHariparsad_2026\Ecommerce_Website\website\__init__.py:65]
2026-09-29 08:15:08,968 INFO: Session Authenticated: Customer john@gmail.com logged in [in C:\sc_ShriyaHariparsad_2026\Ecommerce_Website\website\auth.py:67]
2026-09-29 08:15:19,634 INFO: Session Terminated: User john@gmail.com logged out [Type: customer] [in C:\sc_ShriyaHariparsad_2026\Ecommerce_Website\website\auth.py:104]
2026-09-29 08:25:46,060 INFO: Session Authenticated: Customer john@gmail.com logged in [in C:\sc_ShriyaHariparsad_2026\Ecommerce_Website\website\auth.py:67]
2026-09-29 08:25:48,529 INFO: New Cart Insertion: Customer john@gmail.com added product 'Apple 2021 iPad mini (Wi-Fi, 64GB) - Pink (6th generation)' (ID: 31) to cart [in C:\sc_ShriyaHariparsad_2026\Ecommerce_Website\website\views.py:138]
2026-09-29 08:28:32,301 INFO: Cart Removal (Asynchronous): User john@gmail.com completely removed item 'Apple 2021 iPad mini (Wi-Fi, 64GB) - Pink (6th generation)' (Entry #1) from cart [in C:\sc_ShriyaHariparsad_2026\Ecommerce_Website\website\views.py:282]
2026-09-29 08:28:48,222 INFO: Checkout Initialized: Customer john@gmail.com generated PayFast payload for transaction reference '0AE2F11B' totaling R10149.00 [in C:\sc_ShriyaHariparsad_2026\Ecommerce_Website\website\views.py:358]
2026-09-29 08:33:43,467 INFO: StarlightTech startup initialized successfully [in C:\sc_ShriyaHariparsad_2026\Ecommerce_Website\website\__init__.py:65]
2026-09-29 08:36:25,702 INFO: StarlightTech startup initialized successfully [in C:\sc_ShriyaHariparsad_2026\Ecommerce_Website\website\__init__.py:65]
2026-09-29 08:36:30,743 INFO: StarlightTech startup initialized successfully [in C:\sc_ShriyaHariparsad_2026\Ecommerce_Website\website\__init__.py:65]
2026-09-29 08:37:41,889 INFO: StarlightTech startup initialized successfully [in C:\sc_ShriyaHariparsad_2026\Ecommerce_Website\website\__init__.py:65]
2026-09-29 08:41:09,754 INFO: StarlightTech startup initialized successfully [in C:\sc_ShriyaHariparsad_2026\Ecommerce_Website\website\__init__.py:65]
2026-09-29 08:41:17,713 INFO: Session Terminated: User john@gmail.com logged out [Type: customer] [in C:\sc_ShriyaHariparsad_2026\Ecommerce_Website\website\auth.py:127]
2026-09-29 08:49:40,026 INFO: Session Authenticated: Customer john@gmail.com logged in [in C:\sc_ShriyaHariparsad_2026\Ecommerce_Website\website\auth.py:66]
2026-09-29 08:52:21,270 INFO: StarlightTech startup initialized successfully [in C:\sc_ShriyaHariparsad_2026\Ecommerce_Website\website\__init__.py:65]
2026-09-29 08:52:24,383 INFO: Session Authenticated: Customer john@gmail.com logged in [in C:\sc_ShriyaHariparsad_2026\Ecommerce_Website\website\auth.py:66]
2026-09-29 08:52:28,164 INFO: Cart Modification (Asynchronous): User john@gmail.com decremented quantity for cart entry #1 [in C:\sc_ShriyaHariparsad_2026\Ecommerce_Website\website\views.py:333]
2026-09-29 08:52:35,450 INFO: Cart Removal (Asynchronous): User john@gmail.com completely removed item '65 Watt 3 Port Charger with PD cable, 2 PD Type C ports, 1 USB-A Type Port' (Entry #1) from cart [in C:\sc_ShriyaHariparsad_2026\Ecommerce_Website\website\views.py:395]
2026-09-29 08:53:39,757 INFO: Session Terminated: User john@gmail.com logged out [Type: customer] [in C:\sc_ShriyaHariparsad_2026\Ecommerce_Website\website\auth.py:127]
2026-09-29 08:55:32,072 INFO: StarlightTech startup initialized successfully [in C:\sc_ShriyaHariparsad_2026\Ecommerce_Website\website\__init__.py:65]
2026-09-29 08:57:45,128 INFO: Session Authenticated: Customer john@gmail.com logged in [in C:\sc_ShriyaHariparsad_2026\Ecommerce_Website\website\auth.py:93]
2026-09-29 08:58:05,632 INFO: Checkout Initialized: Customer john@gmail.com generated PayFast payload for transaction reference '73B239F9' totaling R6649.00 [in C:\sc_ShriyaHariparsad_2026\Ecommerce_Website\website\views.py:471]
2026-09-29 08:58:40,091 INFO: Order Completed: Customer john@gmail.com successfully completed transaction PF-DACE4461. Products: 'Hisense 2025 4K UHD E7Q QLED Dolby Vision 55-Inch Smart TV' (Qty: 1) [in C:\sc_ShriyaHariparsad_2026\Ecommerce_Website\website\views.py:508]
2026-09-29 09:00:08,803 INFO: New Wishlist Insertion: Customer john@gmail.com saved product 'JLAB Go Air Pop True Wireless Earbuds' to wishlist [in C:\sc_ShriyaHariparsad_2026\Ecommerce_Website\website\views.py:601]
2026-09-29 09:00:33,433 INFO: Wishlist Removal: Customer john@gmail.com deleted product 'JLAB Go Air Pop True Wireless Earbuds' from wishlist [in C:\sc_ShriyaHariparsad_2026\Ecommerce_Website\website\views.py:621]
2026-09-29 09:00:35,255 INFO: Session Terminated: User john@gmail.com logged out [Type: customer] [in C:\sc_ShriyaHariparsad_2026\Ecommerce_Website\website\auth.py:154]
2026-09-29 09:03:22,514 INFO: StarlightTech startup initialized successfully [in C:\sc_ShriyaHariparsad_2026\Ecommerce_Website\website\__init__.py:65]
2026-09-29 09:05:31,956 INFO: StarlightTech startup initialized successfully [in C:\sc_ShriyaHariparsad_2026\Ecommerce_Website\website\__init__.py:65]
2026-09-29 09:09:45,653 INFO: StarlightTech startup initialized successfully [in C:\sc_ShriyaHariparsad_2026\Ecommerce_Website\website\__init__.py:65]
2026-09-29 09:11:26,734 INFO: Session Authenticated: Customer john@gmail.com logged in [in C:\sc_ShriyaHariparsad_2026\Ecommerce_Website\website\auth.py:114]
2026-09-29 09:23:22,118 INFO: New Cart Insertion: Customer john@gmail.com added product 'Apple 2021 iPad mini (Wi-Fi, 64GB) - Pink (6th generation)' (ID: 31) to cart [in C:\sc_ShriyaHariparsad_2026\Ecommerce_Website\website\views.py:163]
2026-09-29 09:26:54,420 INFO: StarlightTech startup initialized successfully [in C:\sc_ShriyaHariparsad_2026\Ecommerce_Website\website\__init__.py:65]
2026-09-29 09:27:01,740 INFO: Cart Removal (Asynchronous): User john@gmail.com completely removed item 'Apple 2021 iPad mini (Wi-Fi, 64GB) - Pink (6th generation)' (Entry #1) from cart [in C:\sc_ShriyaHariparsad_2026\Ecommerce_Website\website\views.py:428]
2026-09-29 09:27:14,585 INFO: New Cart Insertion: Customer john@gmail.com added product 'Samsung Galaxy Tab S11 Ultra 5G 256GB 14.6-Inch Tablet, Gray' (ID: 32) to cart [in C:\sc_ShriyaHariparsad_2026\Ecommerce_Website\website\views.py:189]
2026-09-29 09:27:16,526 INFO: New Wishlist Insertion: Customer john@gmail.com saved product 'Samsung Galaxy Tab A11+ 4 GB Wi-Fi 11-Inch Tablet' to wishlist [in C:\sc_ShriyaHariparsad_2026\Ecommerce_Website\website\views.py:672]
2026-09-29 09:27:19,645 INFO: Wishlist Removal: Customer john@gmail.com deleted product 'Samsung Galaxy Tab A11+ 4 GB Wi-Fi 11-Inch Tablet' from wishlist [in C:\sc_ShriyaHariparsad_2026\Ecommerce_Website\website\views.py:699]
2026-09-29 09:27:22,540 INFO: Cart Removal (Asynchronous): User john@gmail.com completely removed item 'Samsung Galaxy Tab S11 Ultra 5G 256GB 14.6-Inch Tablet, Gray' (Entry #1) from cart [in C:\sc_ShriyaHariparsad_2026\Ecommerce_Website\website\views.py:428]
2026-09-29 09:34:15,697 INFO: New Cart Insertion: Customer john@gmail.com added product 'Samsung Galaxy Tab S11 Ultra 5G 256GB 14.6-Inch Tablet, Gray' (ID: 32) to cart [in C:\sc_ShriyaHariparsad_2026\Ecommerce_Website\website\views.py:189]
2026-09-29 09:34:18,883 INFO: Cart Removal (Asynchronous): User john@gmail.com completely removed item 'Samsung Galaxy Tab S11 Ultra 5G 256GB 14.6-Inch Tablet, Gray' (Entry #1) from cart [in C:\sc_ShriyaHariparsad_2026\Ecommerce_Website\website\views.py:428]
2026-09-29 09:34:20,180 INFO: Session Terminated: User john@gmail.com logged out [Type: customer] [in C:\sc_ShriyaHariparsad_2026\Ecommerce_Website\website\auth.py:192]
2026-09-29 09:34:57,057 INFO: Session Authenticated: Staff member admin@starlight.com logged in [Role: Super Admin] [in C:\sc_ShriyaHariparsad_2026\Ecommerce_Website\website\auth.py:170]
2026-09-29 09:49:17,994 INFO: Session Terminated: User admin@starlight.com logged out [Type: employee] [in C:\sc_ShriyaHariparsad_2026\Ecommerce_Website\website\auth.py:192]
2026-09-29 10:00:38,039 INFO: StarlightTech startup initialized successfully [in C:\sc_ShriyaHariparsad_2026\Ecommerce_Website\website\__init__.py:65]
2026-09-29 10:00:39,354 INFO: StarlightTech startup initialized successfully [in C:\sc_ShriyaHariparsad_2026\Ecommerce_Website\website\__init__.py:65]
2026-09-29 10:01:29,915 INFO: Session Authenticated: Customer john@gmail.com logged in [in C:\sc_ShriyaHariparsad_2026\Ecommerce_Website\website\auth.py:123]
2026-09-29 10:04:32,381 INFO: Cart Removal (Asynchronous): User john@gmail.com completely removed item 'Apple 2021 iPad mini (Wi-Fi, 64GB) - Pink (6th generation)' (Entry #1) from cart [in C:\sc_ShriyaHariparsad_2026\Ecommerce_Website\website\views.py:429]
2026-09-29 10:04:33,861 INFO: Session Terminated: User john@gmail.com logged out [Type: customer] [in C:\sc_ShriyaHariparsad_2026\Ecommerce_Website\website\auth.py:212]
2026-09-29 10:05:00,452 INFO: StarlightTech startup initialized successfully [in C:\sc_ShriyaHariparsad_2026\Ecommerce_Website\website\__init__.py:65]
2026-09-29 10:06:01,371 INFO: Session Authenticated: Customer john@gmail.com logged in [in C:\sc_ShriyaHariparsad_2026\Ecommerce_Website\website\auth.py:123]
2026-09-29 10:06:17,837 INFO: Cart Removal (Asynchronous): User john@gmail.com completely removed item 'Samsung 65 inch 4K Smart TV, Mini LED, 120Hz, AI, Motion Accelerator' (Entry #1) from cart [in C:\sc_ShriyaHariparsad_2026\Ecommerce_Website\website\views.py:429]
2026-09-29 10:06:19,518 INFO: Session Terminated: User john@gmail.com logged out [Type: customer] [in C:\sc_ShriyaHariparsad_2026\Ecommerce_Website\website\auth.py:217]
2026-09-29 10:07:07,895 INFO: Session Authenticated: Customer john@gmail.com logged in [in C:\sc_ShriyaHariparsad_2026\Ecommerce_Website\website\auth.py:123]
2026-09-29 10:08:30,746 INFO: Session Terminated: User john@gmail.com logged out [Type: customer] [in C:\sc_ShriyaHariparsad_2026\Ecommerce_Website\website\auth.py:217]
2026-09-29 10:10:56,171 INFO: Session Authenticated: Customer john@gmail.com logged in [in C:\sc_ShriyaHariparsad_2026\Ecommerce_Website\website\auth.py:123]
2026-09-29 10:11:46,845 INFO: Checkout Initialized: Customer john@gmail.com generated PayFast payload for transaction reference 'F27F5B4D' totaling R8296.00 [in C:\sc_ShriyaHariparsad_2026\Ecommerce_Website\website\views.py:505]
2026-09-29 10:12:58,892 INFO: Cart Removal (Asynchronous): User john@gmail.com completely removed item 'Apple 2021 iPad mini (Wi-Fi, 64GB) - Pink (6th generation)' (Entry #1) from cart [in C:\sc_ShriyaHariparsad_2026\Ecommerce_Website\website\views.py:429]
2026-09-29 10:12:59,444 INFO: Cart Removal (Asynchronous): User john@gmail.com completely removed item 'Tapo T110 Smart Contact Sensor (Door Window), White' (Entry #2) from cart [in C:\sc_ShriyaHariparsad_2026\Ecommerce_Website\website\views.py:429]
2026-09-29 10:13:00,985 INFO: Session Terminated: User john@gmail.com logged out [Type: customer] [in C:\sc_ShriyaHariparsad_2026\Ecommerce_Website\website\auth.py:217]
2026-09-29 10:13:59,018 INFO: Session Authenticated: Customer john@gmail.com logged in [in C:\sc_ShriyaHariparsad_2026\Ecommerce_Website\website\auth.py:123]
2026-09-29 10:14:09,733 INFO: Cart Removal (Asynchronous): User john@gmail.com completely removed item 'Samsung 65 inch 4K Smart TV, Mini LED, 120Hz, AI, Motion Accelerator' (Entry #1) from cart [in C:\sc_ShriyaHariparsad_2026\Ecommerce_Website\website\views.py:429]
2026-09-29 10:14:15,311 INFO: New Cart Insertion: Customer john@gmail.com added product 'JLAB Go Air Pop True Wireless Earbuds' (ID: 44) to cart [in C:\sc_ShriyaHariparsad_2026\Ecommerce_Website\website\views.py:189]
2026-09-29 10:36:17,087 INFO: Session Terminated: User john@gmail.com logged out [Type: customer] [in C:\sc_ShriyaHariparsad_2026\Ecommerce_Website\website\auth.py:217]
2026-09-29 10:36:51,356 INFO: Session Authenticated: Customer john@gmail.com logged in [in C:\sc_ShriyaHariparsad_2026\Ecommerce_Website\website\auth.py:123]
2026-09-29 10:41:25,947 INFO: Cart Removal (Asynchronous): User john@gmail.com completely removed item 'JLAB Go Air Pop True Wireless Earbuds' (Entry #1) from cart [in C:\sc_ShriyaHariparsad_2026\Ecommerce_Website\website\views.py:429]
2026-09-29 10:44:51,393 INFO: New Cart Insertion: Customer john@gmail.com added product 'JLAB Go Air Pop True Wireless Earbuds' (ID: 44) to cart [in C:\sc_ShriyaHariparsad_2026\Ecommerce_Website\website\views.py:189]
2026-09-29 10:44:54,956 INFO: Cart Modification (Asynchronous): User john@gmail.com incremented quantity for cart entry #1 [in C:\sc_ShriyaHariparsad_2026\Ecommerce_Website\website\views.py:297]
2026-09-29 10:44:55,077 INFO: Cart Modification (Asynchronous): User john@gmail.com incremented quantity for cart entry #1 [in C:\sc_ShriyaHariparsad_2026\Ecommerce_Website\website\views.py:297]
2026-09-29 10:44:55,157 INFO: Cart Modification (Asynchronous): User john@gmail.com incremented quantity for cart entry #1 [in C:\sc_ShriyaHariparsad_2026\Ecommerce_Website\website\views.py:297]
2026-09-29 10:44:55,277 INFO: Cart Modification (Asynchronous): User john@gmail.com incremented quantity for cart entry #1 [in C:\sc_ShriyaHariparsad_2026\Ecommerce_Website\website\views.py:297]
2026-09-29 10:44:55,503 INFO: Cart Modification (Asynchronous): User john@gmail.com incremented quantity for cart entry #1 [in C:\sc_ShriyaHariparsad_2026\Ecommerce_Website\website\views.py:297]
2026-09-29 10:44:55,607 INFO: Cart Modification (Asynchronous): User john@gmail.com incremented quantity for cart entry #1 [in C:\sc_ShriyaHariparsad_2026\Ecommerce_Website\website\views.py:297]
2026-09-29 10:44:55,709 INFO: Cart Modification (Asynchronous): User john@gmail.com incremented quantity for cart entry #1 [in C:\sc_ShriyaHariparsad_2026\Ecommerce_Website\website\views.py:297]
2026-09-29 10:44:55,840 INFO: Cart Modification (Asynchronous): User john@gmail.com incremented quantity for cart entry #1 [in C:\sc_ShriyaHariparsad_2026\Ecommerce_Website\website\views.py:297]
2026-09-29 10:44:55,950 INFO: Cart Modification (Asynchronous): User john@gmail.com incremented quantity for cart entry #1 [in C:\sc_ShriyaHariparsad_2026\Ecommerce_Website\website\views.py:297]
2026-09-29 10:44:57,678 INFO: Cart Modification (Asynchronous): User john@gmail.com decremented quantity for cart entry #1 [in C:\sc_ShriyaHariparsad_2026\Ecommerce_Website\website\views.py:367]
2026-09-29 10:44:57,877 INFO: Cart Modification (Asynchronous): User john@gmail.com decremented quantity for cart entry #1 [in C:\sc_ShriyaHariparsad_2026\Ecommerce_Website\website\views.py:367]
2026-09-29 10:44:57,988 INFO: Cart Modification (Asynchronous): User john@gmail.com decremented quantity for cart entry #1 [in C:\sc_ShriyaHariparsad_2026\Ecommerce_Website\website\views.py:367]
2026-09-29 10:44:58,092 INFO: Cart Modification (Asynchronous): User john@gmail.com decremented quantity for cart entry #1 [in C:\sc_ShriyaHariparsad_2026\Ecommerce_Website\website\views.py:367]
2026-09-29 10:44:58,213 INFO: Cart Modification (Asynchronous): User john@gmail.com decremented quantity for cart entry #1 [in C:\sc_ShriyaHariparsad_2026\Ecommerce_Website\website\views.py:367]
2026-09-29 10:44:58,325 INFO: Cart Modification (Asynchronous): User john@gmail.com decremented quantity for cart entry #1 [in C:\sc_ShriyaHariparsad_2026\Ecommerce_Website\website\views.py:367]
2026-09-29 10:44:58,452 INFO: Cart Modification (Asynchronous): User john@gmail.com decremented quantity for cart entry #1 [in C:\sc_ShriyaHariparsad_2026\Ecommerce_Website\website\views.py:367]
2026-09-29 10:44:58,581 INFO: Cart Modification (Asynchronous): User john@gmail.com decremented quantity for cart entry #1 [in C:\sc_ShriyaHariparsad_2026\Ecommerce_Website\website\views.py:367]
2026-09-29 10:44:58,700 INFO: Cart Modification (Asynchronous): User john@gmail.com decremented quantity for cart entry #1 [in C:\sc_ShriyaHariparsad_2026\Ecommerce_Website\website\views.py:367]
2026-09-29 10:45:00,424 INFO: Cart Removal (Asynchronous): User john@gmail.com completely removed item 'JLAB Go Air Pop True Wireless Earbuds' (Entry #1) from cart [in C:\sc_ShriyaHariparsad_2026\Ecommerce_Website\website\views.py:429]
2026-09-29 10:45:05,121 INFO: Session Terminated: User john@gmail.com logged out [Type: customer] [in C:\sc_ShriyaHariparsad_2026\Ecommerce_Website\website\auth.py:217]
2026-09-29 11:48:19,730 INFO: StarlightTech startup initialized successfully [in C:\sc_ShriyaHariparsad_2026\Ecommerce_Website\website\__init__.py:65]
2026-09-29 11:48:21,197 INFO: StarlightTech startup initialized successfully [in C:\sc_ShriyaHariparsad_2026\Ecommerce_Website\website\__init__.py:65]
2026-09-29 11:49:04,363 INFO: Session Authenticated: Staff member admin@starlight.com logged in [Role: Super Admin] [in C:\sc_ShriyaHariparsad_2026\Ecommerce_Website\website\auth.py:193]
2026-09-29 12:05:08,052 INFO: StarlightTech startup initialized successfully [in C:\sc_ShriyaHariparsad_2026\Ecommerce_Website\website\__init__.py:65]
2026-09-29 12:06:56,733 INFO: Fulfillment Transition: Employee admin@starlight.com changed Order #3 status from 'Pending Delivery' to 'Out for Delivery' [in C:\sc_ShriyaHariparsad_2026\Ecommerce_Website\website\admin.py:203]
2026-09-29 12:07:04,569 INFO: Fulfillment Transition: Employee admin@starlight.com changed Order #3 status from 'Out for Delivery' to 'Delivered' [in C:\sc_ShriyaHariparsad_2026\Ecommerce_Website\website\admin.py:203]
2026-09-29 12:07:47,643 INFO: Session Terminated: User admin@starlight.com logged out [Type: employee] [in C:\sc_ShriyaHariparsad_2026\Ecommerce_Website\website\auth.py:217]
2026-09-29 12:08:22,529 INFO: Session Authenticated: Customer john@gmail.com logged in [in C:\sc_ShriyaHariparsad_2026\Ecommerce_Website\website\auth.py:123]
2026-09-29 12:26:31,404 INFO: Receipt Print Triggered: Customer john@gmail.com opened print template view for Order #3 [in C:\sc_ShriyaHariparsad_2026\Ecommerce_Website\website\views.py:751]
2026-09-29 12:27:57,067 INFO: Receipt Print Triggered: Customer john@gmail.com opened print template view for Order #3 [in C:\sc_ShriyaHariparsad_2026\Ecommerce_Website\website\views.py:751]
2026-09-29 12:28:26,841 INFO: New Cart Insertion: Customer john@gmail.com added product 'USB C Headphones Type C Earphones Wired Earbuds Built-in Mic & Volume Control Headset' (ID: 47) to cart [in C:\sc_ShriyaHariparsad_2026\Ecommerce_Website\website\views.py:189]
2026-09-29 12:28:54,238 INFO: Cart Removal (Asynchronous): User john@gmail.com completely removed item 'USB C Headphones Type C Earphones Wired Earbuds Built-in Mic & Volume Control Headset' (Entry #1) from cart [in C:\sc_ShriyaHariparsad_2026\Ecommerce_Website\website\views.py:429]
2026-09-29 12:29:10,946 INFO: New Cart Insertion: Customer john@gmail.com added product 'Apple 2021 iPad mini (Wi-Fi, 64GB) - Pink (6th generation)' (ID: 31) to cart [in C:\sc_ShriyaHariparsad_2026\Ecommerce_Website\website\views.py:189]
2026-09-29 12:29:20,782 INFO: Cart Removal (Asynchronous): User john@gmail.com completely removed item 'Apple 2021 iPad mini (Wi-Fi, 64GB) - Pink (6th generation)' (Entry #1) from cart [in C:\sc_ShriyaHariparsad_2026\Ecommerce_Website\website\views.py:429]
2026-09-29 12:29:46,124 INFO: New Cart Insertion: Customer john@gmail.com added product 'Tapo T110 Smart Contact Sensor (Door Window), White' (ID: 66) to cart [in C:\sc_ShriyaHariparsad_2026\Ecommerce_Website\website\views.py:189]
2026-09-29 12:29:57,527 INFO: Checkout Initialized: Customer john@gmail.com generated PayFast payload for transaction reference 'DE14F020' totaling R396.00 [in C:\sc_ShriyaHariparsad_2026\Ecommerce_Website\website\views.py:505]
2026-09-29 12:30:49,764 INFO: Order Completed: Customer john@gmail.com successfully completed transaction PF-BE7049CE. Products: 'Tapo T110 Smart Contact Sensor (Door Window), White' (Qty: 1) [in C:\sc_ShriyaHariparsad_2026\Ecommerce_Website\website\views.py:542]
2026-09-29 12:31:05,664 INFO: Session Terminated: User john@gmail.com logged out [Type: customer] [in C:\sc_ShriyaHariparsad_2026\Ecommerce_Website\website\auth.py:217]
2026-09-29 12:31:48,337 INFO: Session Authenticated: Customer john@gmail.com logged in [in C:\sc_ShriyaHariparsad_2026\Ecommerce_Website\website\auth.py:123]
2026-09-29 12:31:53,441 INFO: Receipt Print Triggered: Customer john@gmail.com opened print template view for Order #4 [in C:\sc_ShriyaHariparsad_2026\Ecommerce_Website\website\views.py:751]
2026-09-29 12:32:15,392 INFO: New Cart Insertion: Customer john@gmail.com added product 'Apple 2021 iPad mini (Wi-Fi, 64GB) - Pink (6th generation)' (ID: 31) to cart [in C:\sc_ShriyaHariparsad_2026\Ecommerce_Website\website\views.py:189]
2026-09-29 12:32:24,437 INFO: Cart Removal (Asynchronous): User john@gmail.com completely removed item 'Apple 2021 iPad mini (Wi-Fi, 64GB) - Pink (6th generation)' (Entry #1) from cart [in C:\sc_ShriyaHariparsad_2026\Ecommerce_Website\website\views.py:429]
2026-09-29 12:32:26,060 INFO: Session Terminated: User john@gmail.com logged out [Type: customer] [in C:\sc_ShriyaHariparsad_2026\Ecommerce_Website\website\auth.py:217]
2026-09-29 12:33:01,890 INFO: Session Authenticated: Staff member admin@starlight.com logged in [Role: Super Admin] [in C:\sc_ShriyaHariparsad_2026\Ecommerce_Website\website\auth.py:193]
2026-09-29 12:33:45,398 INFO: Fulfillment Transition: Employee admin@starlight.com changed Order #2 status from 'Pending Delivery' to 'Out for Delivery' [in C:\sc_ShriyaHariparsad_2026\Ecommerce_Website\website\admin.py:203]
2026-09-29 12:34:26,239 INFO: Session Terminated: User admin@starlight.com logged out [Type: employee] [in C:\sc_ShriyaHariparsad_2026\Ecommerce_Website\website\auth.py:217]
2026-09-29 12:34:59,769 INFO: Session Authenticated: Customer john@gmail.com logged in [in C:\sc_ShriyaHariparsad_2026\Ecommerce_Website\website\auth.py:123]
2026-09-29 12:35:28,426 INFO: Session Terminated: User john@gmail.com logged out [Type: customer] [in C:\sc_ShriyaHariparsad_2026\Ecommerce_Website\website\auth.py:217]
2026-09-29 12:36:50,841 INFO: Session Authenticated: Customer john@gmail.com logged in [in C:\sc_ShriyaHariparsad_2026\Ecommerce_Website\website\auth.py:123]
2026-09-29 12:36:59,578 INFO: Cart Removal (Asynchronous): User john@gmail.com completely removed item 'Apple iPhone 18 Pro Max 256GB - Glacier' (Entry #1) from cart [in C:\sc_ShriyaHariparsad_2026\Ecommerce_Website\website\views.py:429]
2026-09-29 12:37:00,119 INFO: Cart Removal (Asynchronous): User john@gmail.com completely removed item 'Apple 2021 iPad mini (Wi-Fi, 64GB) - Pink (6th generation)' (Entry #2) from cart [in C:\sc_ShriyaHariparsad_2026\Ecommerce_Website\website\views.py:429]
2026-09-29 12:37:44,384 INFO: Session Terminated: User john@gmail.com logged out [Type: customer] [in C:\sc_ShriyaHariparsad_2026\Ecommerce_Website\website\auth.py:217]
2026-09-29 15:37:18,099 INFO: StarlightTech startup initialized successfully [in C:\sc_ShriyaHariparsad_2026\Ecommerce_Website\website\__init__.py:65]
2026-09-29 15:37:19,496 INFO: StarlightTech startup initialized successfully [in C:\sc_ShriyaHariparsad_2026\Ecommerce_Website\website\__init__.py:65]
2026-09-29 15:38:01,828 INFO: Session Authenticated: Staff member admin@starlight.com logged in [Role: Super Admin] [in C:\sc_ShriyaHariparsad_2026\Ecommerce_Website\website\auth.py:193]
